,gender,age,class,embarked,fare,sibsp,parch,survived
0,1,42.0,2,3,7.11,0,0,0
1,1,13.0,2,3,20.05,0,2,0
2,1,16.0,2,3,20.05,1,1,0
3,0,39.0,2,3,20.05,1,1,1
4,0,16.0,2,3,7.13,0,0,1
5,1,25.0,2,3,7.13,0,0,1
6,1,30.0,1,1,24.0,1,0,0
7,0,28.0,1,1,24.0,1,0,1
8,1,27.0,2,1,18.1509,0,0,1
9,1,20.0,2,3,7.1806,0,0,1
10,1,30.0,2,3,7.05,0,0,0
11,1,27.0,2,3,8.01,0,0,0
12,0,40.0,2,3,9.0906,1,0,0
13,1,0.8333333333,2,3,9.07,0,1,1
14,0,18.0,2,3,9.07,0,1,1
15,1,35.0,1,3,13.0,0,0,0
16,1,25.0,2,3,7.1709,0,0,0
17,1,19.0,2,3,7.1806,0,0,0
18,1,24.0,2,3,7.01,0,0,0
19,1,25.0,2,3,7.01,0,0,0
20,0,29.0,0,3,211.6009,0,0,1
21,1,39.0,2,3,8.01,0,0,0
22,1,0.9166666667,0,3,151.16,1,2,1
23,0,2.0,0,3,151.16,1,2,0
24,1,30.0,0,3,151.16,1,2,0
25,0,25.0,0,3,151.16,1,2,0
26,1,18.0,2,3,8.06,0,0,0
27,1,19.0,2,1,7.0407,0,0,0
28,0,19.0,2,3,7.1701,1,0,1
29,1,33.0,2,3,22.1006,0,0,0
30,1,47.0,0,3,26.11,0,0,1
31,1,4.0,2,3,31.0506,4,2,0
32,0,6.0,2,3,31.0506,4,2,0
33,0,2.0,2,3,31.0506,4,2,0
34,0,16.0,2,3,7.1806,4,2,1
35,0,38.0,2,3,7.1506,4,2,0
36,0,9.0,2,3,31.0506,4,2,0
37,0,11.0,2,3,31.0506,4,2,0
38,1,39.0,2,3,31.0506,1,5,0
39,1,26.0,2,3,7.1506,0,0,0
40,0,39.0,2,3,31.0506,1,5,0
41,1,20.0,2,3,7.1701,0,0,0
42,1,17.0,1,3,11.1,0,0,0
43,1,27.0,1,3,10.1,0,0,0
44,0,62.0,0,1,77.1902,1,0,1
45,1,39.0,0,0,89.0,0,0,0
46,1,26.0,2,3,7.1711,0,0,0
47,0,36.0,1,3,26.0,1,0,1
48,1,31.0,1,3,26.0,1,0,0
49,0,53.0,0,3,51.0907,2,0,1
50,1,25.0,2,3,17.16,1,0,0
51,0,18.0,2,3,17.16,1,0,0
52,1,25.0,2,3,7.1506,0,0,0
53,1,71.0,0,1,49.1001,0,0,0
54,1,57.0,1,3,13.0,0,0,0
55,1,35.0,2,3,7.01,0,0,0
56,1,5.0,2,3,31.0709,4,2,0
57,1,9.0,2,3,31.0709,4,2,0
58,1,3.0,2,3,31.0709,4,2,1
59,1,13.0,2,3,31.0709,4,2,0
60,0,5.0,2,3,31.0709,4,2,1
61,1,40.0,2,3,31.0709,1,5,0
62,1,13.0,2,3,7.1511,0,0,1
63,0,38.0,2,3,31.0709,1,5,1
64,0,45.0,2,1,7.0406,0,0,1
65,1,23.0,2,3,7.01,0,0,0
66,1,47.0,0,1,247.1006,1,0,0
67,0,18.0,0,1,247.1006,1,0,1
68,0,17.0,2,1,14.0902,0,0,0
69,1,27.0,2,1,7.0406,0,0,0
70,0,24.0,0,1,69.06,0,0,1
71,1,23.0,2,3,7.1701,0,0,0
72,0,15.0,2,1,7.0407,0,0,1
73,1,32.0,2,3,15.17,1,0,0
74,0,33.0,2,3,15.17,3,0,1
75,0,3.0,2,1,19.0502,2,1,1
76,0,0.75,2,1,19.0502,2,1,1
77,0,5.0,2,1,19.0502,2,1,1
78,0,23.0,2,1,19.0502,0,3,1
79,0,18.0,2,3,8.01,0,0,1
80,1,40.0,2,1,7.0406,0,0,0
81,1,18.0,1,3,11.1,0,0,0
82,1,22.0,1,3,10.1,0,0,0
83,1,26.0,2,3,7.1711,0,0,0
84,0,36.0,1,3,13.0,0,0,1
85,1,28.0,1,3,10.1,0,0,0
86,0,31.0,2,3,8.1308,0,0,1
87,0,18.0,2,1,14.0901,0,1,0
88,0,45.0,2,1,14.0901,0,1,0
89,0,27.0,0,3,78.17,0,0,1
90,1,47.0,0,3,30.0,0,0,1
91,0,33.0,2,2,7.1707,0,0,0
92,1,22.0,2,3,8.01,0,0,0
93,0,32.0,0,1,76.051,0,0,1
94,1,52.0,1,3,12.1006,0,0,0
95,1,23.0,2,3,7.1711,0,0,0
96,1,60.0,0,1,25.1806,0,0,0
97,1,24.0,0,1,247.1005,0,1,0
98,0,50.0,0,1,247.1005,0,1,1
99,1,32.0,1,3,26.0,1,0,1
100,0,22.0,1,3,26.0,1,0,1
101,1,36.0,0,3,75.041,0,0,0
102,1,44.0,1,3,26.0,0,0,0
103,1,20.0,2,3,8.01,0,0,0
104,1,1.0,1,3,39.0,2,1,1
105,0,4.0,1,3,39.0,2,1,1
106,0,12.0,1,3,39.0,2,1,1
107,0,35.0,1,3,39.0,0,3,1
108,1,37.0,0,3,52.1101,1,1,1
109,0,46.0,0,3,52.1101,1,1,1
110,1,34.0,1,3,13.0,0,0,1
111,1,26.0,0,1,30.0,0,0,1
112,1,26.0,2,3,7.1506,0,0,0
113,0,19.0,1,3,13.0,0,0,1
114,1,22.0,2,3,9.07,0,0,0
115,1,23.0,1,3,13.0,0,0,0
116,0,39.0,0,1,63.0702,0,0,1
117,0,46.0,0,1,247.1006,0,0,1
118,1,32.0,2,3,56.0911,0,0,1
119,0,31.0,0,3,221.1507,0,0,1
120,1,21.0,2,3,7.1506,0,0,0
121,1,24.0,0,1,26.0,0,0,0
122,1,25.0,0,1,91.0107,1,0,1
123,0,19.0,0,1,91.0107,1,0,1
124,1,18.0,2,3,7.15,0,0,0
125,1,28.0,0,3,26.11,0,0,1
126,1,45.0,0,3,35.1,0,0,0
127,1,39.0,0,1,31.0,0,0,1
128,0,30.0,0,3,164.1704,0,0,1
129,0,61.0,0,3,26.11,0,0,1
130,1,41.0,0,3,26.11,0,0,0
131,1,26.0,2,3,7.1711,0,0,0
132,1,25.0,1,3,13.0,0,0,0
133,0,40.0,2,2,7.15,0,2,0
134,1,42.0,2,2,15.1,1,1,0
135,0,32.0,2,2,15.1,1,1,0
136,0,45.0,0,1,262.0706,0,0,1
137,1,26.0,2,3,16.02,0,0,0
138,1,42.0,1,3,13.0,0,0,0
139,0,22.0,0,3,55.0,0,1,1
140,1,30.0,1,3,13.0,0,0,0
141,0,22.0,2,2,7.1406,0,0,1
142,1,41.0,0,3,30.1,0,0,0
143,0,20.0,2,3,7.1701,0,0,0
144,1,24.0,1,3,22.0,0,0,0
145,1,48.0,0,1,50.0911,0,0,0
146,1,29.0,2,3,7.0,1,0,0
147,1,23.0,2,3,7.05,1,0,0
148,1,37.0,0,3,26.11,0,0,1
149,1,46.0,0,1,39.12,0,0,0
150,1,20.0,1,3,22.0,0,0,0
151,1,32.0,1,3,13.0,0,0,0
152,1,22.0,2,3,7.1511,0,0,0
153,1,40.0,2,3,8.01,0,0,0
154,0,18.0,1,3,13.0,0,0,1
155,0,15.0,1,3,39.0,0,2,1
156,0,59.0,0,3,51.0907,2,0,1
157,0,40.0,1,3,39.0,1,1,1
158,0,44.0,0,1,27.1405,0,0,1
159,1,60.0,1,3,39.0,1,1,0
160,0,20.0,1,3,26.0,1,0,1
161,1,25.0,1,3,26.0,1,0,0
162,0,22.0,2,2,7.0508,0,0,0
163,1,21.0,2,2,7.1517,0,0,1
164,0,58.0,0,1,76.051,0,0,1
165,1,7.0,2,1,15.0411,1,1,0
166,0,10.0,2,1,15.0411,1,1,0
167,0,40.0,2,1,15.0411,0,2,0
168,1,19.0,2,2,6.15,0,0,0
169,0,41.0,0,1,134.1,0,0,1
170,0,17.0,2,2,7.1707,0,0,0
171,0,36.0,1,3,13.0,0,0,1
172,1,26.0,1,3,13.0,0,0,0
173,1,21.0,2,1,7.0407,0,0,0
174,1,46.0,0,3,26.11,0,0,0
175,1,42.0,1,3,13.0,0,0,0
176,0,40.0,1,3,13.0,0,0,1
177,0,21.0,2,3,8.1303,0,0,0
178,0,30.0,2,3,8.1303,0,0,0
179,1,18.0,2,3,8.1303,0,0,0
180,1,38.0,2,3,8.1303,0,0,0
181,1,28.0,0,3,31.0,0,0,0
182,1,42.0,0,3,26.0509,0,0,1
183,1,0.8333333333,1,3,29.0,0,2,1
184,1,26.0,1,3,29.0,1,1,1
185,0,28.0,1,3,29.0,1,1,1
186,1,17.0,2,3,8.1303,0,0,0
187,1,17.0,2,3,8.1303,0,0,0
188,0,35.0,1,3,21.0,0,0,1
189,1,21.0,1,0,22.0,0,0,0
190,0,22.0,2,2,7.15,0,0,0
191,1,21.0,2,2,7.15,0,0,0
192,0,52.0,0,1,27.0811,0,0,1
193,1,29.0,2,3,8.01,0,0,0
194,1,28.0,2,1,14.0902,1,0,0
195,0,18.0,2,1,14.0902,1,0,0
196,1,19.0,1,3,13.0,0,0,0
197,0,58.0,0,1,512.0607,0,1,1
198,1,36.0,0,1,512.0607,0,1,1
199,1,28.0,2,3,7.1511,0,0,0
200,1,24.0,2,3,7.1701,0,0,0
201,1,33.0,0,3,5.0,0,0,0
202,1,17.0,0,3,47.02,0,0,0
203,1,27.0,0,3,47.02,0,0,0
204,0,45.0,2,2,7.15,0,0,0
205,1,54.0,1,3,26.0,1,0,0
206,1,11.0,0,3,120.0,1,2,1
207,0,13.0,0,3,120.0,1,2,1
208,0,45.0,1,3,26.0,1,0,0
209,0,36.0,0,3,120.0,1,2,1
210,1,36.0,0,3,120.0,1,2,1
211,1,28.0,2,3,7.05,0,0,0
212,1,49.0,0,3,26.0,0,0,0
213,0,36.0,0,1,27.1405,0,0,1
214,0,25.0,0,3,78.17,1,0,1
215,1,36.0,0,3,78.17,1,0,0
216,1,24.0,2,3,8.01,0,0,0
217,1,46.0,0,3,61.0306,1,0,0
218,0,47.0,0,3,61.0306,1,0,1
219,1,27.0,0,3,53.02,1,0,1
220,0,32.0,0,3,53.02,1,0,1
221,1,52.0,1,3,13.1,0,0,0
222,1,37.0,1,3,26.0,1,0,0
223,0,29.0,1,3,26.0,1,0,0
224,1,20.0,2,2,7.1408,0,0,0
225,0,36.0,0,1,262.0706,0,0,1
226,0,30.0,0,3,86.1,0,0,1
227,1,45.0,0,1,29.14,0,0,1
228,0,48.0,0,3,55.0,0,1,1
229,1,32.0,2,3,56.0911,0,0,1
230,1,43.0,0,0,89.0,0,0,0
231,1,29.0,2,3,8.01,0,0,0
232,0,25.0,1,3,30.0,1,1,1
233,0,52.0,1,3,30.0,0,2,1
234,1,26.0,2,1,14.0901,1,0,0
235,1,21.0,2,1,14.0901,1,0,0
236,1,29.0,1,3,26.0,1,0,0
237,1,28.0,1,3,22.0,0,0,0
238,0,28.0,1,3,27.0,1,0,1
239,0,26.0,0,1,136.1507,1,0,1
240,1,27.0,0,1,136.1507,1,0,0
241,0,22.0,0,3,151.16,0,0,1
242,1,40.0,0,3,52.0,0,0,0
243,1,20.0,2,3,7.01,0,0,0
244,1,18.0,2,3,8.01,0,0,1
245,1,24.0,2,2,7.05,0,0,0
246,1,24.0,2,3,7.1711,0,0,0
247,1,29.0,1,3,10.1,0,0,0
248,1,27.0,1,3,13.0,0,0,0
249,1,25.0,1,3,10.1,0,0,1
250,1,37.0,0,3,25.1109,0,0,0
251,0,8.0,1,3,26.05,0,2,1
252,1,31.0,1,3,26.05,1,1,0
253,0,30.0,1,3,26.05,1,1,1
254,1,36.0,2,3,7.1711,0,0,0
255,0,39.0,0,1,83.0302,1,1,1
256,1,37.0,0,1,83.0302,1,1,0
257,0,64.0,0,1,83.0302,0,2,1
258,1,31.0,2,2,7.1408,0,0,0
259,1,40.0,2,2,7.15,0,0,0
260,0,23.0,2,2,7.15,0,0,1
261,0,41.0,2,2,7.1207,0,0,0
262,1,66.0,2,2,7.15,0,0,0
263,1,43.0,2,3,8.01,0,0,0
264,0,22.0,1,3,10.1,0,0,1
265,0,30.0,1,3,13.0,0,0,0
266,0,32.0,1,3,21.0,0,0,0
267,1,35.0,2,3,7.1711,0,0,0
268,1,27.0,2,3,7.1711,0,0,0
269,1,19.0,2,3,7.1711,0,0,0
270,1,30.0,2,3,8.01,0,0,0
271,0,55.0,0,3,25.141,2,0,1
272,0,16.0,2,2,7.15,0,0,1
273,1,21.0,1,3,11.1,0,0,0
274,1,3.0,2,3,15.18,1,1,1
275,1,9.0,2,3,15.18,1,1,1
276,0,36.0,2,3,15.18,0,2,1
277,1,58.0,2,3,7.05,0,0,0
278,1,59.0,0,3,26.11,0,0,0
279,1,20.0,2,3,8.0302,0,0,0
280,0,16.0,2,3,16.02,0,1,1
281,1,43.0,2,3,16.02,0,1,0
282,1,70.0,0,3,71.0,1,1,0
283,0,39.0,0,3,26.11,0,2,1
284,0,64.0,0,3,71.0,1,1,1
285,1,17.0,2,3,8.1303,0,0,0
286,1,39.0,0,1,71.0508,1,0,0
287,0,35.0,0,1,71.0508,1,0,1
288,1,22.0,1,0,22.0,0,0,0
289,1,28.0,2,1,7.0407,0,0,0
290,0,22.0,2,3,10.1004,0,0,0
291,1,45.0,2,3,8.01,0,0,1
292,1,19.0,2,3,10.0305,0,0,0
293,0,33.0,2,2,6.19,0,0,1
294,1,29.0,2,2,7.15,0,0,1
295,1,51.0,0,3,26.11,0,0,1
296,1,0.3333333333,2,3,14.08,0,2,0
297,1,34.0,2,3,14.08,1,1,0
298,0,28.0,2,3,14.08,1,1,0
299,1,27.0,0,3,30.1,0,0,1
300,0,36.0,0,3,151.16,0,0,1
301,1,27.0,2,3,7.1711,0,0,0
302,0,27.0,0,1,52.0,1,2,1
303,1,31.0,0,1,52.0,1,0,0
304,1,8.0,1,3,36.15,1,1,1
305,1,24.0,2,3,24.03,2,0,0
306,1,19.0,1,3,73.1,0,0,0
307,1,22.0,2,3,8.01,0,0,0
308,1,22.0,2,3,24.03,2,0,0
309,1,17.0,2,3,8.01,2,0,0
310,0,48.0,1,3,36.15,0,2,1
311,0,28.0,1,3,13.0,0,0,1
312,0,34.0,2,3,16.02,1,0,1
313,1,32.0,2,3,16.02,1,0,0
314,1,18.0,1,3,73.1,0,0,0
315,1,1.0,2,3,20.1106,1,2,1
316,0,0.1666666667,2,3,20.1106,1,2,1
317,1,25.0,2,3,20.1106,1,2,0
318,0,32.0,2,3,20.1106,1,2,1
319,1,25.0,2,3,7.1711,0,0,0
320,0,24.0,1,1,27.1405,1,0,1
321,1,29.0,1,1,27.1405,1,0,0
322,1,36.0,2,3,17.08,1,0,1
323,0,36.0,2,3,17.08,1,0,1
324,1,30.0,2,3,9.1,0,0,1
325,1,25.0,1,3,31.1,0,0,0
326,1,30.0,2,3,7.1711,0,0,0
327,1,22.0,2,3,7.05,0,0,0
328,1,26.0,2,3,7.05,0,0,0
329,1,16.0,2,3,9.1,0,0,0
330,0,19.0,2,2,7.1707,0,0,1
331,1,18.0,1,3,73.1,0,0,0
332,1,31.0,0,3,57.0,1,0,1
333,0,17.0,0,3,57.0,1,0,1
334,1,17.0,2,3,7.1711,0,0,0
335,1,42.0,2,3,8.1303,0,0,0
336,1,43.0,2,3,7.1711,0,0,0
337,1,52.0,0,3,81.1702,1,1,1
338,1,4.0,0,3,81.1702,0,2,1
339,0,34.0,0,3,81.1702,1,1,1
340,0,18.0,1,3,23.0,0,1,1
341,0,34.0,1,3,23.0,0,1,1
342,0,21.0,2,2,7.15,0,0,0
343,1,37.0,2,2,7.15,0,0,0
344,1,18.0,2,3,8.01,0,0,1
345,1,22.0,2,2,8.0902,0,0,0
346,0,48.0,0,1,106.0806,1,0,1
347,0,27.0,0,1,247.1005,1,1,1
348,1,50.0,0,1,106.0806,1,0,0
349,1,55.0,1,3,26.0,0,0,0
350,0,31.0,2,3,12.0906,0,0,1
351,0,28.0,2,2,7.15,0,0,0
352,1,33.0,2,1,7.1711,0,0,0
353,1,8.0,1,3,32.1,0,2,1
354,1,42.0,1,3,32.1,1,1,0
355,0,34.0,1,3,32.1,1,1,1
356,0,27.0,2,2,7.15,0,0,1
357,0,24.0,2,3,8.01,0,0,1
358,0,48.0,0,1,56.1807,1,0,1
359,1,49.0,0,1,39.12,1,0,1
360,1,39.0,0,1,29.14,0,0,0
361,1,24.0,2,3,7.11,0,0,1
362,0,27.0,1,1,13.1702,1,0,1
363,0,30.0,1,1,13.1702,1,0,1
364,1,65.0,2,2,7.15,0,0,0
365,1,23.0,2,3,13.18,1,0,0
366,0,22.0,2,3,13.18,1,0,1
367,0,23.0,0,1,83.0302,0,1,1
368,1,18.0,2,3,7.1506,0,0,0
369,1,25.0,1,3,13.0,0,0,0
370,1,16.0,2,3,7.1506,0,0,0
371,1,45.0,2,3,6.1906,0,0,0
372,1,29.0,2,1,7.0406,0,0,0
373,1,15.0,2,1,7.0407,1,1,0
374,1,22.0,2,1,7.0407,1,1,0
375,1,48.0,2,3,7.05,0,0,0
376,0,5.0,2,3,12.0906,0,0,1
377,1,21.0,1,3,13.0,0,0,0
378,0,39.0,0,1,247.1006,0,0,1
379,1,37.0,2,3,7.01,0,0,0
380,0,54.0,0,1,78.0504,1,0,1
381,0,36.0,0,1,31.1307,0,0,0
382,1,38.0,2,3,15.02,0,0,0
383,1,18.0,1,3,13.0,0,0,0
384,1,46.0,2,3,7.05,0,0,0
385,1,26.0,2,2,7.15,0,0,0
386,1,49.0,0,3,221.1507,0,0,0
387,1,32.0,1,3,26.0,1,0,0
388,1,18.0,1,3,10.1,0,0,0
389,1,34.0,2,3,7.01,0,0,1
390,1,18.0,2,3,7.1511,0,0,0
391,0,48.0,0,1,31.1308,0,0,1
392,0,22.0,2,2,7.15,0,0,0
393,0,42.0,0,1,110.1708,0,0,1
394,1,28.0,2,2,7.15,0,0,0
395,1,48.0,2,2,6.19,0,0,0
396,1,36.0,0,3,26.0509,0,0,1
397,1,19.0,2,2,7.1707,0,0,0
398,1,20.0,2,2,7.15,0,0,0
399,1,32.0,2,3,56.0911,0,0,1
400,0,20.0,2,3,34.0706,2,2,0
401,0,7.0,2,3,34.0706,2,2,0
402,1,23.0,2,3,8.01,0,0,0
403,1,18.0,2,3,34.0706,2,2,0
404,0,54.0,2,3,34.0706,1,3,0
405,1,14.0,2,3,34.0706,1,3,0
406,1,30.0,0,3,27.15,0,0,0
407,0,24.0,0,3,263.0,3,2,1
408,0,28.0,0,3,263.0,3,2,1
409,0,23.0,0,3,263.0,3,2,1
410,1,19.0,0,3,263.0,3,2,0
411,1,64.0,0,3,263.0,1,4,0
412,0,60.0,0,3,263.0,1,4,1
413,1,28.0,2,2,7.15,0,0,0
414,1,38.0,1,3,13.0,0,0,0
415,0,32.0,0,1,56.1807,0,0,1
416,1,37.0,0,3,26.11,0,0,0
417,1,49.0,0,3,133.13,2,0,1
418,1,43.0,0,1,27.1405,1,0,1
419,0,42.0,0,3,133.13,1,0,1
420,0,22.0,0,1,49.1,0,2,1
421,1,60.0,0,1,79.04,1,1,1
422,0,48.0,0,1,79.04,1,1,1
423,1,39.0,1,0,22.0,0,0,0
424,1,39.0,0,3,89.0,0,0,0
425,0,38.0,1,3,13.0,0,0,0
426,1,37.0,0,3,53.02,1,0,0
427,0,35.0,0,3,53.02,1,0,1
428,1,36.0,1,3,26.0,0,0,0
429,1,38.0,1,3,21.0,1,0,0
430,1,33.0,1,3,21.0,1,0,0
431,1,29.0,2,2,7.141,0,0,0
432,1,23.0,2,3,14.1,0,0,0
433,0,39.0,1,3,13.0,0,0,1
434,1,19.0,1,3,26.0,0,0,0
435,1,26.0,1,3,10.1,0,0,0
436,1,47.0,0,3,38.1,0,0,0
437,0,38.0,2,1,7.0407,0,0,1
438,1,21.0,2,1,7.0406,0,0,0
439,1,30.0,2,1,7.1711,0,0,0
440,0,22.0,0,1,59.08,0,1,1
441,0,44.0,0,1,59.08,0,1,1
442,0,35.0,0,3,211.1,0,0,1
443,1,23.0,0,1,79.04,0,0,0
444,1,47.0,1,3,10.1,0,0,0
445,1,19.0,1,3,11.1,1,0,0
446,1,21.0,1,3,11.1,1,0,0
447,1,24.0,1,3,13.1,0,0,0
448,1,23.0,2,3,8.01,0,0,0
449,1,31.0,1,3,13.0,0,0,0
450,1,24.0,1,3,13.0,0,0,0
451,0,17.0,2,2,7.1408,0,0,1
452,1,30.0,1,3,13.0,0,0,0
453,0,18.0,2,2,7.15,0,0,1
454,1,47.0,0,1,89.0201,1,0,1
455,0,40.0,0,1,89.0201,1,0,1
456,1,71.0,0,1,34.1301,0,0,0
457,1,9.0,2,3,20.1006,0,2,1
458,1,33.0,2,3,20.1006,1,1,0
459,1,41.0,2,3,7.17,0,0,0
460,0,31.0,2,3,20.1006,1,1,1
461,1,9.0,2,3,46.18,5,2,0
462,1,1.0,2,3,46.18,5,2,0
463,1,11.0,2,3,46.18,5,2,0
464,0,10.0,2,3,46.18,5,2,0
465,0,16.0,2,3,46.18,5,2,0
466,1,14.0,2,3,46.18,5,2,0
467,1,42.0,2,3,46.18,1,6,0
468,0,43.0,2,3,46.18,1,6,0
469,1,53.0,0,3,28.1,0,0,1
470,0,19.0,0,3,153.0903,0,0,1
471,1,38.0,0,3,30.0,0,1,0
472,0,59.0,0,3,153.0903,0,1,1
473,1,52.0,1,3,13.0,0,0,0
474,0,45.0,0,1,63.0702,0,1,1
475,1,23.0,0,1,63.0702,0,1,1
476,1,20.0,4,3,0.0,0,0,0
477,1,41.0,2,3,8.01,0,0,0
478,1,32.0,2,3,8.0615,0,0,0
479,1,25.0,2,3,8.01,0,0,0
480,1,46.0,0,1,79.04,0,0,0
481,1,19.0,2,3,9.1611,0,0,0
482,1,37.0,2,3,7.1806,2,0,0
483,1,28.0,2,3,7.1806,2,0,0
484,1,19.0,2,3,7.1506,0,0,0
485,0,24.0,2,3,8.17,0,0,0
486,1,28.0,2,3,6.1904,1,0,0
487,1,19.0,2,3,6.1904,1,0,0
488,1,28.0,2,3,15.17,1,0,0
489,0,24.0,2,3,15.17,1,0,1
490,1,30.0,1,3,13.0,0,0,0
491,1,0.5833333333,1,3,14.1,1,1,1
492,0,23.0,1,3,14.1,0,2,1
493,1,19.0,2,3,9.1,0,0,0
494,1,27.0,2,1,7.0407,0,0,1
495,1,18.0,2,1,7.0406,0,0,0
496,1,35.0,2,1,7.0407,0,0,0
497,1,41.0,2,3,14.0202,2,0,0
498,1,26.0,2,3,7.1701,1,0,0
499,1,21.0,2,3,7.1701,0,0,0
500,0,45.0,2,3,14.0202,1,0,1
501,1,45.0,1,3,13.0,0,0,0
502,1,25.0,0,1,55.081,1,0,1
503,0,21.0,0,1,55.081,1,0,1
504,0,17.0,2,2,7.1408,0,0,0
505,0,21.0,2,3,7.11,0,0,0
506,0,6.0,1,3,33.0,0,1,1
507,1,48.0,0,1,76.1407,1,0,1
508,0,49.0,0,1,76.1407,1,0,1
509,1,39.0,1,3,33.0,0,1,0
510,1,37.0,0,3,42.08,0,0,0
511,1,62.0,1,3,10.1,0,0,1
512,1,45.0,0,3,83.0906,1,0,0
513,0,35.0,0,3,83.0906,1,0,1
514,1,45.0,1,3,10.1,0,0,0
515,1,46.0,0,3,89.0,0,0,0
516,1,33.0,1,3,22.0,0,0,0
517,0,7.0,1,3,26.05,0,2,1
518,1,47.0,1,3,26.05,1,1,0
519,1,29.0,2,2,6.1702,0,0,0
520,0,48.0,1,3,26.05,1,1,1
521,1,27.0,0,1,76.1407,0,0,1
522,1,45.0,0,3,30.0,0,0,1
523,0,24.0,0,1,83.0302,0,0,1
524,1,55.0,0,3,93.1,1,1,0
525,0,52.0,0,3,93.1,1,1,1
526,1,42.0,0,3,42.1,0,0,0
527,0,33.0,2,2,7.15,0,0,1
528,1,27.0,2,3,6.1906,0,0,1
529,1,24.0,2,3,56.0911,0,0,1
530,0,20.0,2,2,6.15,0,0,0
531,0,16.0,2,3,7.1806,0,0,1
532,0,23.0,2,3,7.1806,0,0,0
533,0,22.0,2,3,8.1903,0,0,1
534,1,30.0,2,3,7.1711,0,0,0
535,0,28.0,2,3,7.1506,0,0,0
536,0,21.0,2,2,7.15,0,0,0
537,0,24.0,1,3,65.0,1,2,1
538,0,24.0,1,3,65.0,1,2,1
539,1,50.0,1,3,65.0,1,2,0
540,0,50.0,1,3,65.0,1,2,1
541,0,56.0,1,3,16.0,0,0,1
542,1,24.0,1,3,73.1,2,0,0
543,1,30.0,1,3,73.1,2,0,0
544,1,21.0,1,3,73.1,2,0,0
545,1,44.0,0,3,51.1703,0,0,0
546,0,18.0,1,3,13.0,1,1,0
547,1,55.0,0,3,50.0,0,0,0
548,0,17.0,0,1,57.1907,0,1,1
549,0,44.0,0,1,57.1907,0,1,1
550,0,2.0,2,3,12.0509,0,1,1
551,0,22.0,2,3,12.0509,1,1,1
552,0,20.0,1,3,23.0,2,1,1
553,1,24.0,1,3,11.1,2,1,0
554,1,36.0,1,3,13.0,0,0,0
555,0,54.0,1,3,23.0,1,3,1
556,1,50.0,1,3,13.0,0,0,0
557,0,51.0,0,1,77.1902,1,0,1
558,0,29.0,1,3,26.0,1,0,1
559,1,44.0,1,3,26.0,1,0,0
560,1,43.0,2,3,6.09,0,0,0
561,1,18.0,2,3,22.1006,0,0,0
562,1,42.0,0,3,52.0,1,0,0
563,0,35.0,0,3,52.0,1,0,1
564,1,40.0,0,3,26.11,0,0,1
565,0,27.0,2,3,7.1806,0,0,1
566,1,21.0,1,3,73.1,0,0,0
567,1,22.0,2,2,7.15,0,0,0
568,1,41.0,1,3,13.0,0,0,1
569,0,26.0,2,3,8.01,0,0,1
570,1,63.0,1,3,26.0,1,0,0
571,0,61.0,1,3,26.0,1,0,0
572,1,38.0,0,3,100.0,1,0,1
573,0,31.0,0,3,100.0,1,0,1
574,1,43.0,0,1,30.1311,0,0,0
575,1,42.0,2,3,7.13,0,0,0
576,1,21.0,1,3,22.0,0,0,0
577,1,34.0,1,3,12.0506,0,0,0
578,1,34.0,2,3,7.1709,0,0,1
579,1,11.0,2,1,18.1509,0,0,0
580,0,18.0,2,1,7.0407,0,0,1
581,1,33.0,2,1,14.0902,0,0,0
582,0,39.0,0,3,80.0,0,0,1
583,0,17.0,1,3,10.1,0,0,1
584,1,32.0,2,3,7.1711,0,0,0
585,0,17.0,2,3,7.1806,1,0,0
586,0,25.0,2,3,7.1806,1,0,0
587,0,50.0,0,1,28.1403,0,0,0
588,1,49.0,0,3,89.0,0,0,1
589,1,20.0,2,3,7.1711,0,0,0
590,0,16.0,2,1,14.0901,1,0,0
591,0,19.0,2,1,14.0901,1,0,0
592,0,24.0,1,3,27.0,2,1,1
593,1,42.0,1,3,27.0,1,0,0
594,1,30.0,2,1,7.1711,0,0,1
595,1,21.0,2,3,7.1511,0,0,1
596,1,21.0,2,3,7.01,0,0,0
597,1,46.0,1,3,15.0,0,0,0
598,1,24.0,1,3,31.1,2,0,0
599,1,21.0,1,3,31.1,2,0,0
600,1,32.0,1,3,10.1,0,0,0
601,1,20.0,2,3,7.1701,0,0,0
602,1,48.0,2,3,7.0101,0,0,0
603,1,17.0,2,3,7.1701,1,0,0
604,0,26.0,2,2,7.15,0,0,1
605,0,23.0,1,1,13.151,0,0,1
606,1,29.0,2,3,8.0203,0,0,1
607,1,34.0,2,3,6.0911,0,0,0
608,1,22.0,2,3,7.1511,0,0,0
609,1,33.0,2,3,8.1301,0,0,0
610,1,31.0,2,3,7.1506,0,0,0
611,1,29.0,2,3,7.1701,0,0,0
612,1,26.0,2,3,7.1506,0,0,1
613,1,4.0,2,3,11.0208,1,1,1
614,0,1.0,2,3,11.0208,1,1,1
615,1,49.0,2,3,13.0,0,0,0
616,1,33.0,2,3,7.1506,0,0,0
617,0,26.0,2,3,11.0208,0,2,1
618,1,19.0,2,3,13.0,0,0,0
619,1,8.0,2,3,23.09,1,2,0
620,0,7.0,2,3,23.09,1,2,0
621,1,35.0,2,3,23.09,1,2,0
622,0,36.0,2,3,23.09,1,2,0
623,1,46.0,0,3,26.0,0,0,0
624,1,23.0,2,3,7.1711,0,0,0
625,1,25.0,2,3,7.1701,0,0,1
626,1,27.0,2,3,7.1701,0,0,0
627,1,39.0,2,1,7.0407,0,2,0
628,1,50.0,0,3,26.0,0,0,0
629,0,20.0,2,3,9.161,1,0,0
630,0,21.0,2,3,9.161,1,0,0
631,1,32.0,2,3,7.1806,0,0,1
632,1,17.0,2,3,7.0206,0,0,0
633,1,21.0,2,3,8.0808,0,0,0
634,1,34.0,1,3,26.0,1,0,0
635,0,24.0,1,3,26.0,1,0,1
636,1,30.0,2,3,7.1711,0,0,0
637,1,21.0,2,3,7.1511,0,0,1
638,1,33.0,2,3,7.1701,0,0,0
639,1,22.0,2,3,7.1005,0,0,0
640,0,22.0,1,3,21.0,0,0,0
641,0,5.0,2,1,13.0804,0,1,1
642,1,39.0,2,1,13.0804,0,1,1
643,1,19.0,2,1,7.0407,0,0,0
644,0,46.0,1,2,12.07,0,0,1
645,1,23.0,2,2,7.15,0,0,0
646,1,35.0,1,2,12.07,0,0,0
647,1,39.0,2,3,7.05,0,0,0
648,1,33.0,0,3,211.1,0,0,0
649,0,20.0,2,2,7.15,0,0,1
650,0,22.0,2,2,7.15,0,0,1
651,1,19.0,2,3,8.01,0,0,0
652,1,44.0,2,2,7.1607,0,0,0
653,1,44.0,4,3,0.0,0,0,0
654,0,49.0,1,3,13.1,0,0,1
655,1,24.0,2,2,7.15,0,0,1
656,1,58.0,0,1,29.14,0,0,0
657,1,41.0,0,3,51.1703,1,0,0
658,0,40.0,0,3,51.1703,1,0,1
659,1,25.0,2,1,14.0901,1,0,0
660,0,20.0,2,1,14.0901,1,0,0
661,1,25.0,2,2,7.15,1,0,0
662,1,22.0,2,2,7.15,1,0,0
663,1,22.0,2,2,7.1409,0,0,0
664,1,42.0,0,3,52.1101,1,0,1
665,0,45.0,0,3,52.1101,1,0,1
666,0,4.0,2,3,22.0,0,2,1
667,0,26.0,2,3,22.0,1,1,1
668,0,23.0,2,3,8.1303,2,0,0
669,1,29.0,2,3,22.0,3,1,1
670,1,26.0,2,3,8.1303,2,0,0
671,1,52.0,1,2,12.07,0,0,0
672,1,41.0,0,3,26.11,0,0,0
673,0,1.0,2,3,12.0308,1,1,0
674,1,18.0,2,3,7.1701,1,1,0
675,0,36.0,2,3,12.0308,0,2,0
676,1,41.0,1,0,22.0,0,0,0
677,1,30.0,2,1,7.1711,0,0,0
678,1,25.0,2,1,7.0407,0,0,1
679,0,29.0,0,3,211.0609,0,0,1
680,1,23.0,1,3,22.0,0,0,0
681,1,26.0,2,3,7.11,0,0,0
682,1,31.0,1,3,10.1,0,0,0
683,1,35.0,2,1,7.0406,0,0,0
684,1,35.0,1,3,26.0,1,1,0
685,0,34.0,1,3,26.0,1,1,0
686,0,37.0,2,3,9.1109,0,0,0
687,1,31.0,1,2,10.1402,0,0,0
688,1,38.0,2,3,56.0911,0,0,1
689,1,23.0,2,3,56.0911,0,0,0
690,0,22.0,2,3,7.05,0,0,1
691,1,17.0,2,2,7.15,0,0,0
692,1,32.0,2,3,56.0911,0,0,1
693,0,1.0,1,1,41.1107,1,2,1
694,0,3.0,1,1,41.1107,1,2,1
695,1,25.0,1,1,41.1107,1,2,0
696,0,22.0,1,1,41.1107,1,2,1
697,1,29.0,2,3,9.0908,0,0,0
698,1,29.0,2,3,7.1506,0,0,0
699,1,22.0,2,3,7.1506,0,0,0
700,0,49.0,0,3,25.1807,0,0,1
701,1,5.0,2,3,25.0904,3,1,0
702,0,3.0,2,3,25.0904,3,1,0
703,0,8.0,2,3,25.0904,3,1,0
704,0,12.0,2,3,25.0904,3,1,0
705,0,40.0,2,3,25.0904,0,4,0
706,0,17.0,1,1,12.0,0,0,1
707,1,32.0,2,3,7.1806,0,0,0
708,0,31.0,1,3,33.0,0,0,1
709,0,39.0,1,3,10.1,0,0,1
710,0,18.0,2,2,15.1,1,0,0
711,1,20.0,2,2,15.1,1,0,0
712,0,27.0,0,1,106.0806,0,0,1
713,1,41.0,2,3,24.03,0,0,0
714,1,35.0,0,1,512.0607,0,0,1
715,1,37.0,1,3,12.1706,0,0,0
716,1,30.0,0,1,27.1405,0,0,0
717,1,25.0,1,3,10.1,0,0,0
718,1,24.0,2,3,9.1,0,0,0
719,0,25.0,2,3,7.1506,0,0,0
720,0,45.0,2,3,7.15,0,0,0
721,1,42.0,0,3,26.11,0,0,0
722,1,36.0,2,3,15.11,1,0,0
723,0,30.0,2,3,15.11,1,0,0
724,1,20.0,2,3,7.1806,1,0,1
725,0,55.0,0,1,27.1405,0,0,1
726,1,21.0,2,2,7.1707,0,0,0
727,0,16.0,0,1,39.08,0,1,1
728,0,50.0,0,1,39.08,0,1,1
729,1,61.0,1,2,12.07,0,0,0
730,1,28.0,2,3,56.0911,0,0,0
731,1,27.0,2,3,9.1,0,0,0
732,1,25.0,2,3,7.05,0,0,0
733,0,34.0,2,3,16.02,1,0,0
734,1,31.0,2,3,16.02,1,0,0
735,1,19.0,2,3,7.1707,0,0,0
736,0,21.0,0,1,77.1902,0,0,1
737,1,29.0,0,3,30.0,0,0,0
738,1,30.0,0,3,45.1,0,0,0
739,1,50.0,1,3,26.0,1,0,0
740,0,43.0,1,3,26.0,1,0,1
741,1,20.0,2,3,7.05,0,0,0
742,1,29.0,2,3,8.1303,0,0,1
743,1,50.0,2,3,7.0101,0,0,0
744,0,23.0,2,3,7.1701,0,0,1
745,1,32.0,2,3,7.1107,0,0,1
746,0,59.0,0,1,146.1005,0,0,1
747,1,30.0,2,1,6.0809,0,0,0
748,1,44.0,2,3,7.1711,0,0,0
749,1,20.0,2,3,7.11,0,0,0
750,0,57.0,1,3,10.1,0,0,0
751,0,21.0,2,2,7.15,0,0,1
752,0,16.0,0,3,211.0609,0,1,1
753,1,24.0,2,3,7.021,0,0,1
754,1,22.0,2,3,7.0206,0,0,0
755,1,30.0,0,3,26.0,0,0,0
756,0,20.0,2,2,7.1707,0,0,0
757,0,20.0,0,3,86.1,0,0,1
758,1,34.0,2,3,8.01,0,0,0
759,1,29.0,2,3,7.1806,0,0,0
760,1,25.0,1,1,15.0,0,0,0
761,1,1.0,1,1,37.0,0,2,1
762,1,45.0,1,1,37.0,1,1,0
763,0,24.0,1,1,37.0,1,1,1
764,1,18.0,2,1,7.0407,0,0,1
765,0,32.0,2,2,7.15,0,0,0
766,1,30.0,1,1,15.1107,0,0,0
767,0,28.0,2,2,7.1409,0,0,1
768,1,25.0,2,1,7.0407,0,0,0
769,1,29.0,0,1,29.14,0,0,1
770,1,23.0,2,3,7.1711,0,0,0
771,1,35.0,2,3,7.1711,0,0,0
772,1,33.0,2,1,7.1711,0,0,0
773,1,18.0,0,3,53.02,1,0,0
774,0,18.0,0,3,53.02,1,0,1
775,1,30.0,2,1,7.1711,0,0,0
776,1,23.0,1,3,13.0,0,0,0
777,1,36.0,1,3,16.0,0,0,0
778,0,24.0,0,1,49.1001,0,0,1
779,1,46.0,0,3,75.041,0,0,0
780,0,25.0,2,2,7.15,0,0,1
781,1,55.0,0,3,51.1703,0,0,0
782,1,19.0,2,2,7.15,0,0,1
783,0,29.0,2,2,23.05,2,0,1
784,0,26.0,2,2,23.05,2,0,1
785,1,24.0,2,2,23.05,2,0,1
786,1,32.0,1,3,13.1,0,0,0
787,1,32.0,1,3,13.0,0,0,0
788,0,31.0,2,2,7.1508,0,0,1
789,1,20.0,2,2,15.1,0,0,0
790,1,35.0,0,3,26.0509,0,0,1
791,0,22.0,2,2,7.1707,0,0,1
792,0,17.0,2,2,8.0,0,0,1
793,0,42.0,2,2,7.15,0,0,0
794,1,46.0,1,3,26.0,0,0,0
795,1,19.0,2,2,7.15,0,0,0
796,1,27.0,2,3,16.02,1,0,0
797,0,19.0,2,3,16.02,1,0,0
798,0,32.0,2,2,7.15,0,0,0
799,0,62.0,2,3,8.01,0,0,0
800,1,22.0,2,2,7.15,0,0,0
801,0,32.0,2,3,8.01,0,0,0
802,0,13.0,1,3,19.1,0,1,1
803,0,42.0,1,3,19.1,0,1,1
804,1,19.0,1,3,10.1,0,0,1
805,1,48.0,2,3,8.01,0,0,0
806,1,28.0,2,2,7.15,0,0,0
807,1,31.0,1,3,13.0,0,0,0
808,1,28.0,0,1,82.0305,1,0,0
809,0,25.0,0,1,82.0305,1,0,1
810,1,21.0,2,3,7.1506,0,0,1
811,1,28.0,2,3,7.1711,0,0,0
812,1,23.0,2,3,8.01,0,0,0
813,1,65.0,0,1,26.11,0,0,0
814,1,48.0,1,3,13.0,0,0,0
815,1,44.0,0,2,90.0,2,0,0
816,0,33.0,0,2,90.0,1,0,1
817,0,37.0,0,2,90.0,1,0,1
818,1,24.0,2,3,7.1711,0,0,0
819,1,21.0,2,3,7.1711,0,0,0
820,1,72.0,1,3,10.1,0,0,0
821,1,23.0,2,3,7.1711,0,0,0
822,0,23.0,2,2,7.1707,0,0,1
823,1,30.0,0,1,57.15,1,0,1
824,1,27.0,2,3,7.13,0,0,0
825,1,55.0,0,3,30.1,0,0,0
826,1,27.0,1,3,13.0,0,0,0
827,1,47.0,0,3,42.08,0,0,0
828,1,19.0,2,3,8.01,0,0,0
829,1,7.0,2,3,12.0906,0,1,1
830,0,29.0,2,3,12.0906,0,1,1
831,0,28.0,2,2,24.03,1,0,1
832,1,28.0,2,2,24.03,1,0,0
833,1,54.0,1,3,14.0,0,0,0
834,1,38.0,1,3,26.0,0,0,0
835,1,34.0,2,3,8.01,0,0,0
836,1,30.0,2,2,7.15,0,0,0
837,1,29.0,2,3,7.1506,0,0,1
838,0,35.0,2,1,7.0407,0,0,1
839,1,28.0,2,3,8.01,0,0,0
840,1,4.0,2,1,15.0411,1,1,1
841,1,7.0,2,1,15.0411,1,1,1
842,0,25.0,2,1,15.0411,0,2,1
843,1,17.0,1,3,10.1,0,0,0
844,0,21.0,2,2,7.1408,0,0,1
845,0,25.0,2,2,7.15,0,0,1
846,1,22.0,2,3,8.01,0,0,0
847,0,18.0,2,2,15.1,1,0,1
848,0,25.0,2,2,15.1,1,0,1
849,0,31.0,2,2,15.1,0,0,1
850,0,22.0,2,1,7.0406,0,0,1
851,1,18.0,2,3,7.15,0,0,0
852,1,63.0,1,2,9.1309,0,0,0
853,1,22.0,2,3,7.1711,0,0,0
854,0,15.0,2,1,7.0406,0,0,1
855,1,17.0,2,1,7.0407,0,0,0
856,0,1.0,2,1,15.141,0,2,1
857,1,21.0,2,1,15.141,1,1,1
858,0,19.0,2,1,15.141,1,1,1
859,1,36.0,2,3,8.01,0,0,0
860,1,32.0,2,3,7.1711,0,0,0
861,1,20.0,2,1,7.0407,0,0,0
862,1,28.0,1,1,30.0105,1,0,0
863,0,14.0,1,1,30.0105,1,0,1
864,1,20.0,2,1,7.0406,0,0,0
865,1,36.0,0,1,29.14,0,1,0
866,0,21.0,2,2,7.15,0,0,0
867,1,2.0,1,3,26.0,1,1,1
868,1,3.0,1,3,26.0,1,1,1
869,1,32.0,1,3,26.0,0,2,0
870,1,22.0,2,3,7.1711,0,0,0
871,1,26.0,1,3,13.0,0,0,0
872,0,31.0,0,1,113.0506,1,0,1
873,0,23.0,0,1,113.0506,1,0,1
874,1,58.0,0,1,113.0506,0,2,0
875,0,19.0,0,3,26.0508,0,2,1
876,1,19.0,1,3,36.15,1,1,0
877,1,60.0,0,3,26.0,0,0,0
878,0,29.0,2,3,7.1806,0,0,0
879,1,28.0,2,3,8.01,0,0,0
880,0,18.0,2,3,7.1506,0,0,1
881,0,26.0,2,3,7.1701,0,0,1
882,1,21.0,2,3,7.1701,0,0,0
883,1,11.0,2,1,11.041,1,0,1
884,0,14.0,2,1,11.041,1,0,1
885,1,41.0,2,3,7.0206,0,0,0
886,1,39.0,2,3,7.1806,0,0,1
887,1,20.0,2,1,7.0407,0,0,0
888,1,27.0,1,3,13.1,0,0,0
889,1,21.0,2,3,7.16,0,0,0
890,1,20.0,0,1,13.1703,0,0,1
891,0,29.0,1,3,10.1,0,0,1
892,0,22.0,2,3,7.15,0,0,1
893,1,60.0,2,3,6.0409,0,0,0
894,1,21.0,2,2,7.1607,0,0,0
895,0,26.0,2,2,15.1,1,0,1
896,1,27.0,2,2,15.1,1,0,0
897,1,18.0,2,2,7.1408,0,0,0
898,1,17.0,2,2,7.15,0,0,0
899,1,23.0,2,2,7.15,0,0,0
900,1,23.0,2,3,9.0406,0,0,0
901,0,24.0,2,2,7.1707,0,0,1
902,0,22.0,2,3,7.1506,0,0,1
903,1,21.0,2,2,7.15,0,0,1
904,0,16.0,2,2,7.1607,0,0,1
905,0,39.0,0,1,108.18,0,0,1
906,1,9.0,2,3,3.0305,0,1,1
907,1,28.0,2,3,22.1006,0,0,0
908,1,42.0,2,3,8.0801,0,1,0
909,1,27.0,2,3,7.0603,0,0,0
910,0,31.0,2,3,7.1701,0,0,0
911,1,28.0,2,3,7.1701,0,0,0
912,1,32.0,2,3,7.1506,0,0,1
913,1,20.0,2,3,9.0406,0,0,0
914,1,29.0,0,1,25.141,0,0,1
915,0,23.0,2,3,8.1303,0,0,0
916,0,20.0,2,3,8.1303,0,0,0
917,1,20.0,2,3,8.1303,0,0,0
918,1,16.0,2,3,9.0404,0,0,0
919,0,22.0,0,3,61.1907,0,1,1
920,1,64.0,0,3,61.1907,0,1,0
921,0,21.0,2,2,7.1207,0,0,0
922,1,38.0,1,3,13.0,0,0,0
923,1,36.0,0,1,27.1405,0,0,0
924,1,22.0,1,3,10.1,0,0,1
925,1,27.0,1,1,13.1703,0,0,1
926,1,23.0,1,3,10.1,0,0,0
927,1,29.0,1,1,13.1702,0,0,1
928,1,2.0,2,3,21.0106,3,1,0
929,1,6.0,2,3,21.0106,3,1,0
930,0,3.0,2,3,21.0106,3,1,0
931,0,8.0,2,3,21.0106,3,1,0
932,0,29.0,2,3,21.0106,0,4,0
933,1,1.0,2,3,39.1309,4,1,0
934,1,15.0,2,3,39.1309,4,1,0
935,1,7.0,2,3,39.1309,4,1,0
936,1,2.0,2,3,39.1309,4,1,0
937,1,16.0,2,3,39.1309,4,1,0
938,0,41.0,2,3,39.1309,0,5,0
939,1,17.0,1,3,10.1,0,0,0
940,1,21.0,1,0,22.0,0,0,0
941,0,59.0,1,3,26.0,0,1,1
942,1,30.0,0,0,89.0,0,0,0
943,1,40.0,0,3,28.1,0,0,0
944,1,21.0,2,3,8.1303,0,0,0
945,1,20.0,2,3,14.1,0,0,0
946,1,32.0,2,3,7.1711,0,0,0
947,1,23.0,0,3,93.1,0,0,0
948,1,0.5833333333,2,3,13.1506,1,1,0
949,0,4.0,2,3,13.1506,1,1,0
950,0,26.0,2,3,13.1506,0,2,0
951,1,32.0,2,3,7.0,0,0,0
952,0,22.0,0,3,66.12,1,0,1
953,1,29.0,0,3,66.12,1,0,0
954,1,28.0,2,3,7.1506,0,0,0
955,1,24.0,2,3,8.01,0,0,0
956,1,21.0,2,3,7.1806,0,0,0
957,1,25.0,2,3,7.1806,0,0,0
958,0,22.0,0,1,108.18,1,0,1
959,1,24.0,0,1,108.18,1,0,0
960,1,19.0,1,3,10.1,0,0,0
961,1,24.0,2,3,7.05,0,0,0
962,1,39.0,1,1,15.01,0,0,0
963,0,33.0,0,3,93.1,0,0,1
964,1,25.0,2,3,7.1506,1,0,1
965,1,41.0,1,3,13.0,0,0,0
966,0,28.0,2,3,7.1711,0,0,0
967,1,4.0,2,1,22.0702,1,1,1
968,0,2.0,2,1,22.0702,1,1,1
969,1,24.0,2,3,8.01,0,0,0
970,0,28.0,2,2,8.0209,0,0,0
971,1,19.0,2,3,7.1711,0,0,0
972,1,29.0,2,3,7.1711,0,0,0
973,0,18.0,2,3,7.1506,0,0,0
974,1,25.0,2,3,7.1506,1,0,0
975,1,52.0,0,3,30.1,0,0,1
976,0,21.0,1,3,21.0,0,1,1
977,0,19.0,1,3,26.0,0,0,1
978,1,43.0,1,3,21.0,0,1,0
979,1,33.0,2,3,8.01,0,0,1
980,0,32.0,1,3,13.0,0,0,1
981,1,27.0,2,3,7.1711,0,0,0
982,1,17.0,2,3,8.1303,0,0,0
983,1,24.0,2,3,8.1303,0,0,0
984,1,24.0,1,3,13.0,0,0,0
985,1,30.0,1,1,12.1409,0,0,1
986,1,46.0,0,3,52.0,0,0,0
987,0,56.0,0,1,83.0302,0,1,1
988,1,27.0,1,1,15.0,0,0,0
989,1,16.0,2,1,8.1403,0,0,0
990,0,2.0,1,3,26.0,1,1,1
991,0,8.0,1,3,26.0,1,1,1
992,0,33.0,1,3,26.0,0,2,1
993,1,27.0,2,3,7.1711,0,0,0
994,1,21.0,2,1,7.0406,0,0,0
995,0,63.0,2,3,8.0203,0,0,0
996,1,30.0,2,1,7.0407,0,0,0
997,1,18.0,2,3,7.05,0,0,0
998,1,36.0,1,3,10.1,0,0,0
999,1,38.0,2,3,7.1711,0,0,0
1000,1,33.0,1,3,21.0,1,0,0
1001,0,30.0,1,3,21.0,3,0,1
1002,1,37.0,0,1,89.0,0,0,0
1003,0,29.0,1,3,13.0,0,0,1
1004,1,21.0,2,3,8.01,0,0,0
1005,1,33.0,0,1,39.12,0,0,1
1006,1,10.0,2,2,29.0206,4,1,0
1007,1,4.0,2,2,29.0206,4,1,0
1008,1,7.0,2,2,29.0206,4,1,0
1009,1,2.0,2,2,29.0206,4,1,0
1010,1,8.0,2,2,29.0206,4,1,0
1011,0,39.0,2,2,29.0206,0,5,0
1012,1,23.0,1,1,15.0,0,0,0
1013,1,0.75,1,3,18.15,1,1,1
1014,1,3.0,1,3,18.15,1,1,1
1015,0,24.0,1,3,18.15,2,3,1
1016,0,58.0,1,3,10.1,0,0,1
1017,1,22.0,0,1,135.1208,0,0,0
1018,0,22.0,2,3,39.1309,0,0,0
1019,1,35.0,2,3,7.0206,0,0,0
1020,0,22.0,2,2,7.1405,0,0,1
1021,1,69.0,2,3,14.1,0,0,0
1022,0,64.0,2,3,14.1,0,0,0
1023,0,43.0,0,3,211.0609,0,1,1
1024,1,50.0,2,3,14.1,1,0,0
1025,0,48.0,2,3,14.1,1,0,0
1026,1,45.0,0,1,247.1006,0,0,0
1027,1,31.0,0,3,50.0911,0,0,0
1028,1,18.0,1,3,10.1,0,0,0
1029,1,30.0,2,3,8.01,0,0,0
1030,1,45.0,0,3,26.11,0,0,1
1031,1,49.0,2,3,7.1506,0,0,0
1032,1,39.0,0,3,50.0,0,0,0
1033,0,2.0,2,3,20.0403,1,1,0
1034,0,41.0,2,3,20.0403,0,2,0
1035,1,18.0,2,3,20.0403,1,1,0
1036,0,33.0,0,1,27.1405,0,0,1
1037,1,46.0,0,1,79.0,0,0,0
1038,1,36.0,0,3,40.0206,0,0,0
1039,0,33.0,0,3,86.1,0,0,1
1040,0,26.0,2,3,8.01,0,0,1
1041,1,46.0,0,1,59.08,1,0,0
1042,0,54.0,0,1,59.08,1,0,1
1043,1,55.0,2,3,8.01,0,0,0
1044,1,59.0,0,3,26.11,0,0,0
1045,0,22.0,1,3,10.1,0,0,1
1046,1,17.0,2,3,8.01,0,0,0
1047,1,24.0,2,2,7.15,0,0,1
1048,1,30.0,2,2,24.03,0,0,0
1049,1,13.0,0,1,262.0706,2,2,1
1050,0,18.0,0,1,262.0706,2,2,1
1051,0,21.0,0,1,262.0706,2,2,1
1052,1,61.0,0,1,262.0706,1,3,0
1053,0,48.0,0,1,262.0706,1,3,1
1054,1,30.0,2,1,7.0407,0,0,0
1055,1,27.0,2,1,7.0406,0,0,0
1056,1,47.0,0,3,30.1,0,0,1
1057,1,19.0,2,2,7.1407,0,0,0
1058,1,17.0,2,3,7.111,0,0,0
1059,1,43.0,2,3,7.05,0,0,0
1060,1,13.0,2,3,69.11,8,2,0
1061,1,5.0,2,3,69.11,8,2,0
1062,0,8.0,2,3,69.11,8,2,0
1063,0,14.0,2,3,69.11,8,2,0
1064,0,10.0,2,3,69.11,8,2,0
1065,0,21.0,2,3,69.11,8,2,0
1066,1,18.0,2,3,69.11,8,2,0
1067,1,17.0,2,3,69.11,8,2,0
1068,1,20.0,2,3,69.11,8,2,0
1069,1,45.0,2,3,69.11,1,9,0
1070,0,45.0,2,3,69.11,1,9,0
1071,0,24.0,0,1,69.06,0,0,1
1072,1,24.0,2,3,9.0606,0,0,0
1073,0,21.0,2,3,7.13,0,0,1
1074,1,43.0,0,3,26.0,0,0,1
1075,1,29.0,2,3,7.1806,0,0,0
1076,1,17.0,2,1,21.1307,2,0,0
1077,1,40.0,2,1,21.1307,2,0,0
1078,1,16.0,2,1,21.1307,2,0,0
1079,0,1.0,2,3,16.14,1,1,1
1080,0,4.0,2,3,16.14,1,1,1
1081,0,24.0,2,3,16.14,0,2,1
1082,1,21.0,2,3,9.1,0,0,1
1083,1,19.0,2,3,8.01,0,0,0
1084,1,24.0,2,3,8.01,0,0,0
1085,1,22.0,2,2,7.1406,0,0,0
1086,0,35.0,0,1,57.15,1,0,1
1087,1,29.0,2,3,9.1,0,0,1
1088,1,22.0,1,3,13.0,0,0,0
1089,1,42.0,2,3,7.1711,0,0,0
1090,1,28.0,1,3,13.0,0,0,0
1091,1,10.0,2,1,4.0,0,0,0
1092,0,30.0,0,3,31.0,0,0,1
1093,1,34.0,0,3,26.11,0,0,1
1094,1,35.0,2,3,13.0,0,0,0
1095,1,29.0,1,3,26.0,0,0,0
1096,1,27.0,2,2,7.15,0,0,0
1097,1,19.0,2,1,7.0406,0,0,0
1098,1,55.0,2,3,15.02,0,0,0
1099,0,25.0,1,3,26.0,0,1,1
1100,1,26.0,2,1,7.0406,0,0,0
1101,0,20.0,2,2,7.1607,0,0,1
1102,1,22.0,2,3,8.01,0,0,0
1103,0,40.0,0,3,153.0903,0,0,1
1104,0,17.0,1,3,13.0,0,2,1
1105,1,35.0,0,3,26.0509,0,0,1
1106,0,39.0,0,1,55.18,1,0,1
1107,1,51.0,0,1,55.18,1,0,0
1108,1,40.0,2,3,8.01,0,0,0
1109,1,56.0,0,3,35.1,0,0,1
1110,0,20.0,1,3,36.15,0,0,1
1111,0,30.0,1,3,13.0,0,0,1
1112,1,22.0,2,1,7.0407,0,0,0
1113,1,20.0,2,3,8.01,0,0,0
1114,1,40.0,2,3,7.1711,0,0,0
1115,1,21.0,2,3,7.1806,0,0,0
1116,0,18.0,2,3,6.0911,0,0,1
1117,1,59.0,1,3,13.1,0,0,0
1118,1,5.0,2,3,27.18,3,2,0
1119,1,11.0,2,3,27.18,3,2,0
1120,0,9.0,2,3,27.18,3,2,0
1121,0,2.0,2,3,27.18,3,2,0
1122,0,43.0,2,3,27.18,1,4,0
1123,1,40.0,2,3,27.18,1,4,0
1124,1,42.0,2,3,7.1711,0,0,0
1125,0,30.0,1,2,12.07,0,0,1
1126,1,35.0,1,3,10.1,0,0,0
1127,1,20.0,2,3,8.01,0,0,0
1128,1,28.0,0,3,35.1,0,0,1
1129,1,56.0,0,3,26.11,0,0,0
1130,1,37.0,2,3,8.1303,0,0,0
1131,0,49.0,1,3,13.0,0,0,1
1132,1,56.0,0,1,30.1311,0,0,0
1133,1,24.0,0,1,60.0,1,0,0
1134,1,57.0,0,3,26.0,0,0,0
1135,0,18.0,0,1,60.0,1,0,1
1136,0,18.0,2,2,7.1408,0,0,1
1137,1,27.0,2,2,7.15,0,0,0
1138,1,24.0,0,3,82.0504,1,0,1
1139,0,23.0,0,3,82.0504,1,0,1
1140,1,25.0,1,3,13.0,0,0,0
1141,1,19.0,2,3,7.13,0,0,0
1142,1,31.0,2,3,8.01,0,0,0
1143,1,23.0,2,3,8.01,0,0,0
1144,1,6.0,0,1,134.1,0,2,1
1145,1,45.0,0,1,134.1,1,1,1
1146,0,39.0,0,1,134.1,1,1,1
1147,0,48.0,0,1,146.1005,1,0,1
1148,1,57.0,0,1,146.1005,1,0,0
1149,1,31.0,2,3,8.01,0,0,0
1150,1,32.0,0,3,30.1,0,0,1
1151,1,23.0,2,3,7.1711,0,0,0
1152,1,33.0,2,1,8.1309,0,0,0
1153,0,24.0,2,3,7.11,0,0,1
1154,1,22.0,2,3,8.01,0,0,0
1155,1,42.0,1,1,15.0,0,0,0
1156,1,62.0,0,3,26.11,0,0,0
1157,1,54.0,0,1,55.081,1,0,1
1158,0,43.0,0,1,55.081,1,0,1
1159,0,52.0,0,1,78.0504,1,0,1
1160,1,64.0,0,1,27.1405,0,0,0
1161,1,24.0,1,3,10.1,0,0,0
1162,0,61.0,0,3,80.0,0,0,1
1163,1,59.0,2,3,13.0,0,0,0
1164,1,19.0,2,3,7.1711,0,0,0
1165,0,22.0,2,3,9.1609,0,0,0
1166,1,30.0,2,3,7.1806,0,0,1
1167,1,67.0,0,3,221.1507,1,0,0
1168,0,63.0,0,3,221.1507,1,0,0
1169,1,27.0,2,3,8.1303,0,0,0
1170,0,2.0,2,3,10.0903,0,1,0
1171,0,29.0,2,3,10.0903,1,1,0
1172,1,20.0,2,3,8.01,0,0,1
1173,1,44.0,2,3,7.1806,0,0,1
1174,1,25.0,2,3,7.01,0,0,0
1175,1,61.0,0,3,32.0605,0,0,0
1176,1,74.0,2,3,7.1506,0,0,0
1177,1,14.0,2,3,9.0406,0,0,1
1178,1,24.0,2,3,7.1511,0,0,0
1179,1,19.0,1,3,13.0,0,0,0
1180,1,14.0,1,3,65.0,0,0,0
1181,0,46.0,0,3,25.1807,0,0,1
1182,1,0.4166666667,2,1,8.1004,0,1,1
1183,1,30.0,2,1,6.0809,1,0,0
1184,0,16.0,2,1,8.1004,1,1,1
1185,0,18.0,0,3,79.13,0,2,1
1186,1,52.0,0,3,79.13,1,1,0
1187,0,39.0,0,3,79.13,1,1,1
1188,1,48.0,0,3,52.0,1,0,1
1189,1,40.0,1,3,22.0,0,0,0
1190,0,49.0,0,3,52.0,1,0,1
1191,1,25.0,2,3,7.1511,0,0,1
1192,1,49.0,0,1,110.1708,1,1,0
1193,1,17.0,0,1,110.1708,0,2,1
1194,0,39.0,0,1,110.1708,1,1,1
1195,1,34.0,2,3,8.01,0,0,0
1196,1,34.0,2,1,6.0809,0,0,0
1197,1,16.0,2,1,7.0406,0,0,0
1198,1,37.0,2,3,8.01,0,0,0
1199,0,38.0,0,1,80.0,0,0,1
1200,1,37.0,2,3,16.02,1,0,0
1201,0,33.0,2,3,16.02,1,0,1
1202,1,32.0,2,3,7.1806,0,0,0
1203,1,20.0,2,2,7.15,0,0,0
1204,1,23.0,2,3,7.1711,0,0,0
1205,1,22.0,2,3,8.01,0,0,0
1206,0,48.0,1,3,10.1,0,0,1
1207,1,41.0,2,3,8.01,0,0,0
1208,1,20.0,2,1,7.0407,0,0,0
1209,1,26.0,2,3,13.0,0,0,1
1210,1,25.0,2,3,7.1711,0,0,0
1211,1,23.0,1,3,13.0,0,0,0
1212,0,27.0,1,3,12.13,0,0,1
1213,0,27.0,1,3,10.1,0,0,1
1214,1,31.0,0,1,28.1009,0,0,1
1215,1,8.0,2,1,15.0411,1,1,1
1216,0,9.0,2,1,15.0411,1,1,1
1217,0,27.0,2,1,15.0411,0,2,1
1218,1,36.0,2,3,7.1711,0,0,0
1219,0,18.0,2,3,9.161,0,0,1
1220,0,63.0,2,3,9.1109,0,0,1
1221,0,26.0,1,3,21.0,1,0,0
1222,1,29.0,1,3,21.0,1,0,0
1223,1,39.0,0,1,27.1405,0,0,0
1224,1,10.0,2,3,14.1,1,1,0
1225,1,9.0,2,3,14.1,1,1,0
1226,1,35.0,2,3,14.1,0,2,0
1227,1,28.0,2,3,9.1,0,0,0
1228,1,46.0,2,3,9.0,0,0,0
1229,1,61.0,0,3,33.1,0,0,0
1230,0,18.0,2,3,18.0,2,0,0
1231,1,31.0,2,3,18.0,3,0,0
1232,1,15.0,2,3,18.0,2,0,0
1233,0,31.0,2,3,18.0,1,0,0
1234,1,35.0,2,3,9.1,0,0,0
1235,1,28.0,2,3,9.1,0,0,0
1236,0,10.0,2,3,24.03,0,2,0
1237,1,36.0,2,3,24.03,1,1,0
1238,0,30.0,2,3,24.03,1,1,0
1239,1,23.0,2,3,9.1,0,0,0
1240,1,22.0,2,1,7.0406,0,0,1
1241,1,40.0,1,3,13.0,0,0,0
1242,1,20.0,2,3,7.1701,0,0,0
1243,0,14.0,2,3,7.1701,0,0,0
1244,1,21.0,2,3,7.1711,0,0,0
1245,1,22.0,2,3,9.0,0,0,0
1246,1,48.0,0,3,34.0,0,0,0
1247,0,36.0,1,3,21.0,0,0,1
1248,0,37.0,0,1,512.0607,0,0,1
1249,1,35.0,2,3,8.01,0,0,0
1250,1,47.0,1,3,21.0,1,0,0
1251,0,32.0,1,3,21.0,0,0,1
1252,1,23.0,1,3,10.1,1,0,0
1253,1,31.0,2,3,7.11,0,0,0
1254,1,63.0,0,1,75.05,1,0,0
1255,0,60.0,0,1,75.05,1,0,1
1256,1,19.0,1,0,22.0,0,0,0
1257,0,12.0,1,3,15.15,0,0,1
1258,0,40.0,1,3,15.15,0,0,1
1259,1,23.0,2,1,7.0406,0,0,0
1260,0,37.0,1,3,13.0,0,0,1
1261,1,66.0,2,3,8.01,0,0,0
1262,1,59.0,0,3,26.11,0,0,0
1263,1,37.0,1,3,26.0,1,0,0
1264,0,37.0,1,3,26.0,1,0,1
1265,1,2.0,1,3,23.0,1,1,1
1266,0,4.0,1,3,23.0,1,1,1
1267,0,29.0,1,3,23.0,0,2,1
1268,1,27.0,2,3,7.1511,0,0,1
1269,0,0.8333333333,1,3,27.15,1,2,1
1270,0,4.0,1,3,27.15,1,2,1
1271,1,36.0,1,3,27.15,1,2,0
1272,0,33.0,1,3,27.15,1,2,1
1273,1,65.0,1,3,10.1,0,0,0
1274,1,26.0,1,3,12.1706,0,0,0
1275,1,31.0,1,3,13.0,0,0,1
1276,1,54.0,0,3,77.0509,0,1,0
1277,1,21.0,0,3,77.0509,0,1,0
1278,0,55.0,0,1,135.1208,0,0,1
1279,1,57.0,0,3,164.1704,1,1,0
1280,0,31.0,0,3,164.1704,0,2,1
1281,0,45.0,0,3,164.1704,1,1,1
1282,1,51.0,2,3,7.15,0,0,0
1283,1,50.0,0,3,211.1,1,1,0
1284,1,27.0,0,3,211.1,0,2,0
1285,0,50.0,0,3,211.1,1,1,1
1286,1,18.0,2,3,6.0911,1,0,0
1287,1,21.0,2,3,6.0911,1,0,0
1288,0,47.0,2,3,7.0,1,0,1
1289,0,30.0,1,3,26.0,1,0,1
1290,0,21.0,0,3,26.11,0,0,1
1291,1,37.0,2,1,8.1403,0,0,0
1292,1,21.0,2,3,7.11,0,0,0
1293,1,51.0,0,1,61.0707,0,1,0
1294,1,23.0,1,3,13.0,0,0,1
1295,1,43.0,0,3,35.0,0,0,0
1296,1,28.0,2,3,8.01,0,0,0
1297,1,28.0,2,3,16.02,0,0,0
1298,1,21.0,0,1,61.0707,0,1,1
1299,0,31.0,0,1,134.1,0,0,1
1300,1,21.0,2,3,7.05,0,0,0
1301,1,17.0,2,3,8.1303,0,0,0
1302,1,54.0,2,3,7.05,0,0,0
1303,1,36.0,2,3,9.1,0,0,0
1304,1,32.0,1,3,22.0,0,0,0
1305,1,46.0,0,3,35.1,0,0,1
1306,0,26.0,1,3,13.1,0,0,1
1307,1,62.0,0,3,26.11,0,0,0
1308,1,27.0,2,1,14.0901,1,0,0
1309,0,15.0,2,1,14.0901,1,0,1
1310,0,36.0,0,1,135.1208,0,0,1
1311,1,26.0,2,1,7.0406,0,0,0
1312,1,45.0,2,1,7.0407,0,0,0
1313,0,23.0,2,1,22.0702,0,2,1
1314,0,24.0,1,3,13.0,0,0,0
1315,1,22.0,2,1,7.0406,0,0,0
1316,1,27.0,2,1,7.0406,0,0,0
1317,1,25.0,2,1,7.0406,0,0,1
1318,1,29.0,2,3,7.1706,0,0,0
1319,1,21.0,6,3,0.0,0,0,0
1320,1,34.0,4,3,0.0,0,0,0
1321,1,26.0,4,3,0.0,0,0,0
1322,1,20.0,6,3,0.0,0,0,0
1323,1,31.0,6,3,0.0,0,0,0
1324,1,37.0,6,3,0.0,0,0,0
1325,1,22.0,5,3,0.0,0,0,0
1326,1,24.0,4,3,0.0,0,0,1
1327,1,17.0,6,3,0.0,0,0,0
1328,1,26.0,6,3,0.0,0,0,0
1329,1,30.0,4,3,0.0,0,0,0
1330,1,36.0,6,3,0.0,0,0,0
1331,1,36.0,4,0,0.0,0,0,0
1332,1,41.0,6,0,0.0,0,0,0
1333,1,40.0,3,3,0.0,0,0,1
1334,1,48.0,6,3,0.0,0,0,0
1335,1,19.0,6,3,0.0,0,0,1
1336,1,35.0,3,3,0.0,0,0,1
1337,1,26.0,6,3,0.0,0,0,0
1338,1,41.0,6,3,0.0,0,0,0
1339,1,26.0,5,3,0.0,0,0,0
1340,1,21.0,4,3,0.0,0,0,1
1341,1,23.0,6,3,0.0,0,0,0
1342,1,37.0,6,0,0.0,0,0,0
1343,1,28.0,6,3,0.0,0,0,1
1344,1,33.0,6,3,0.0,0,0,0
1345,1,36.0,6,0,0.0,0,0,0
1346,1,46.0,4,3,0.0,0,0,0
1347,1,46.0,3,3,0.0,0,0,1
1348,1,24.0,4,3,0.0,0,0,0
1349,1,19.0,6,3,0.0,0,0,1
1350,1,24.0,5,3,0.0,0,0,0
1351,1,34.0,4,3,0.0,0,0,0
1352,1,19.0,6,3,0.0,0,0,0
1353,1,41.0,6,3,0.0,0,0,0
1354,1,42.0,6,0,0.0,0,0,0
1355,1,30.0,4,3,0.0,0,0,0
1356,1,36.0,6,3,0.0,0,0,0
1357,1,29.0,4,3,0.0,0,0,0
1358,1,40.0,6,3,0.0,0,0,0
1359,1,40.0,4,3,0.0,0,0,0
1360,1,16.0,6,3,0.0,0,0,0
1361,1,28.0,4,3,0.0,0,0,1
1362,1,33.0,4,3,0.0,0,0,0
1363,1,34.0,6,0,0.0,0,0,0
1364,1,36.0,6,3,0.0,0,0,0
1365,1,32.0,6,3,0.0,0,0,0
1366,1,26.0,6,3,0.0,0,0,0
1367,1,27.0,5,3,0.0,0,0,0
1368,1,53.0,6,3,0.0,0,0,0
1369,1,55.0,6,3,0.0,0,0,0
1370,1,33.0,5,3,0.0,0,0,0
1371,1,35.0,4,0,0.0,0,0,0
1372,1,24.0,4,3,0.0,0,0,1
1373,1,31.0,6,3,0.0,0,0,0
1374,1,35.0,6,3,0.0,0,0,0
1375,1,19.0,6,3,0.0,0,0,0
1376,1,51.0,4,0,0.0,0,0,0
1377,1,24.0,4,3,0.0,0,0,0
1378,1,30.0,6,3,0.0,0,0,0
1379,1,30.0,4,3,0.0,0,0,0
1380,0,33.0,6,3,0.0,0,0,1
1381,1,47.0,4,3,0.0,0,0,0
1382,1,22.0,5,3,0.0,0,0,0
1383,1,31.0,6,3,0.0,0,0,0
1384,1,39.0,4,3,0.0,0,0,0
1385,1,40.0,6,0,0.0,0,0,0
1386,1,26.0,5,3,0.0,0,0,0
1387,1,22.0,4,3,0.0,0,0,0
1388,1,31.0,4,3,0.0,0,0,0
1389,1,28.0,5,3,0.0,0,0,0
1390,1,20.0,4,3,0.0,0,0,0
1391,1,20.0,4,3,0.0,0,0,0
1392,1,20.0,4,3,0.0,0,0,1
1393,1,34.0,6,0,0.0,0,0,0
1394,1,23.0,4,3,0.0,0,0,0
1395,1,28.0,4,3,0.0,0,0,0
1396,1,41.0,4,3,0.0,0,0,0
1397,1,23.0,4,3,0.0,0,0,1
1398,1,26.0,4,0,0.0,0,0,0
1399,1,37.0,4,3,0.0,0,0,0
1400,1,32.0,4,3,0.0,0,0,0
1401,1,22.0,4,3,0.0,0,0,0
1402,0,45.0,6,3,0.0,0,0,1
1403,1,26.0,5,3,0.0,0,0,0
1404,1,30.0,6,3,0.0,0,0,0
1405,1,43.0,5,3,0.0,0,0,0
1406,1,59.0,6,3,0.0,0,0,0
1407,1,27.0,5,3,0.0,0,0,0
1408,1,40.0,6,0,0.0,0,0,0
1409,1,38.0,6,3,0.0,0,0,0
1410,1,33.0,6,0,0.0,0,0,0
1411,1,46.0,4,3,0.0,0,0,0
1412,1,24.0,6,3,0.0,0,0,0
1413,0,31.0,5,3,0.0,0,0,1
1414,1,28.0,3,0,0.0,0,0,1
1415,1,37.0,6,3,0.0,0,0,0
1416,1,36.0,6,0,0.0,0,0,0
1417,1,39.0,4,3,0.0,0,0,0
1418,1,29.0,3,3,0.0,0,0,0
1419,1,43.0,6,3,0.0,0,0,0
1420,1,30.0,4,3,0.0,0,0,0
1421,1,52.0,6,0,0.0,0,0,0
1422,1,34.0,4,3,0.0,0,0,0
1423,1,43.0,3,3,0.0,0,0,1
1424,1,22.0,6,0,0.0,0,0,1
1425,1,42.0,3,0,0.0,0,0,1
1426,1,38.0,6,3,0.0,0,0,0
1427,1,31.0,6,3,0.0,0,0,0
1428,1,28.0,6,3,0.0,0,0,0
1429,1,25.0,4,3,0.0,0,0,0
1430,1,31.0,6,3,0.0,0,0,0
1431,1,33.0,6,0,0.0,0,0,0
1432,1,34.0,6,0,0.0,0,0,1
1433,1,28.0,4,3,0.0,0,0,0
1434,1,25.0,4,3,0.0,0,0,0
1435,1,41.0,6,0,0.0,0,0,0
1436,1,34.0,6,3,0.0,0,0,0
1437,1,26.0,3,3,0.0,0,0,1
1438,1,22.0,6,3,0.0,0,0,0
1439,1,37.0,6,3,0.0,0,0,0
1440,1,21.0,6,0,0.0,0,0,0
1441,1,18.0,6,3,0.0,0,0,1
1442,1,30.0,6,0,0.0,0,0,0
1443,1,31.0,6,0,0.0,0,0,1
1444,1,20.0,6,3,0.0,0,0,1
1445,1,29.0,6,3,0.0,0,0,0
1446,1,35.0,4,3,0.0,0,0,0
1447,1,35.0,4,3,0.0,0,0,0
1448,1,23.0,6,3,0.0,0,0,0
1449,1,22.0,6,3,0.0,0,0,0
1450,1,31.0,4,3,0.0,0,0,0
1451,1,45.0,6,3,0.0,0,0,0
1452,1,30.0,4,0,0.0,0,0,0
1453,1,25.0,6,3,0.0,0,0,0
1454,1,40.0,4,3,0.0,0,0,0
1455,1,31.0,6,3,0.0,0,0,0
1456,1,27.0,4,3,0.0,0,0,0
1457,1,46.0,4,3,0.0,0,0,0
1458,1,33.0,6,0,0.0,0,0,0
1459,1,32.0,5,3,0.0,0,0,0
1460,1,44.0,4,3,0.0,0,0,0
1461,1,34.0,6,3,0.0,0,0,0
1462,1,37.0,4,3,0.0,0,0,0
1463,0,33.0,6,3,0.0,0,0,1
1464,1,28.0,6,3,0.0,0,0,0
1465,1,22.0,4,3,0.0,0,0,1
1466,1,39.0,6,0,0.0,0,0,0
1467,1,21.0,6,3,0.0,0,0,0
1468,1,25.0,5,3,0.0,0,0,0
1469,1,32.0,6,3,0.0,0,0,1
1470,1,25.0,6,3,0.0,0,0,0
1471,1,25.0,4,3,0.0,0,0,0
1472,1,28.0,6,0,0.0,0,0,0
1473,1,37.0,4,0,0.0,0,0,0
1474,1,29.0,6,3,0.0,0,0,0
1475,1,50.0,6,3,0.0,0,0,0
1476,1,25.0,4,3,0.0,0,0,0
1477,1,34.0,6,3,0.0,0,0,0
1478,1,40.0,4,3,0.0,0,0,1
1479,1,33.0,3,3,0.0,0,0,1
1480,1,31.0,3,3,0.0,0,0,0
1481,1,22.0,4,3,0.0,0,0,0
1482,1,29.0,6,3,0.0,0,0,0
1483,1,58.0,4,0,0.0,0,0,0
1484,1,33.0,6,3,0.0,0,0,1
1485,1,17.0,6,3,0.0,0,0,1
1486,1,38.0,4,3,0.0,0,0,1
1487,1,34.0,4,3,0.0,0,0,1
1488,1,25.0,6,0,0.0,0,0,0
1489,1,32.0,6,3,0.0,0,0,0
1490,1,45.0,6,3,0.0,0,0,0
1491,1,26.0,4,3,0.0,0,0,0
1492,1,26.0,4,3,0.0,0,0,0
1493,1,28.0,4,3,0.0,0,0,0
1494,1,27.0,6,3,0.0,0,0,0
1495,1,33.0,4,3,0.0,0,0,0
1496,1,19.0,5,3,0.0,0,0,0
1497,1,36.0,4,3,0.0,0,0,0
1498,1,28.0,3,3,0.0,0,0,0
1499,1,49.0,4,3,0.0,0,0,0
1500,1,30.0,4,3,0.0,0,0,1
1501,1,28.0,5,3,0.0,0,0,0
1502,1,30.0,6,3,0.0,0,0,0
1503,1,27.0,4,0,0.0,0,0,0
1504,1,23.0,4,3,0.0,0,0,0
1505,1,20.0,6,3,0.0,0,0,1
1506,1,43.0,6,0,0.0,0,0,1
1507,1,45.0,4,0,0.0,0,0,0
1508,1,21.0,4,3,0.0,0,0,1
1509,1,33.0,6,3,0.0,0,0,0
1510,1,39.0,6,0,0.0,0,0,0
1511,1,45.0,6,3,0.0,0,0,0
1512,1,44.0,4,3,0.0,0,0,0
1513,1,17.0,5,3,0.0,0,0,0
1514,1,30.0,6,3,0.0,0,0,1
1515,1,35.0,6,0,0.0,0,0,0
1516,1,49.0,6,0,0.0,0,0,1
1517,1,38.0,6,0,0.0,0,0,1
1518,1,35.0,4,3,0.0,0,0,0
1519,1,26.0,4,3,0.0,0,0,0
1520,1,18.0,6,3,0.0,0,0,1
1521,1,18.0,6,3,0.0,0,0,0
1522,1,32.0,6,0,0.0,0,0,0
1523,1,26.0,6,0,0.0,0,0,0
1524,1,33.0,4,3,0.0,0,0,0
1525,1,29.0,6,0,0.0,0,0,0
1526,1,39.0,3,3,0.0,0,0,0
1527,1,23.0,4,3,0.0,0,0,0
1528,1,19.0,6,3,0.0,0,0,0
1529,1,18.0,5,3,0.0,0,0,0
1530,1,35.0,6,0,0.0,0,0,0
1531,1,20.0,5,3,0.0,0,0,0
1532,1,29.0,6,0,0.0,0,0,0
1533,1,38.0,6,3,0.0,0,0,0
1534,1,20.0,5,3,0.0,0,0,0
1535,1,27.0,4,3,0.0,0,0,1
1536,1,37.0,4,3,0.0,0,0,0
1537,1,30.0,4,3,0.0,0,0,1
1538,1,34.0,4,3,0.0,0,0,1
1539,1,49.0,6,3,0.0,0,0,0
1540,1,39.0,4,0,0.0,0,0,0
1541,1,44.0,6,0,0.0,0,0,0
1542,1,27.0,4,3,0.0,0,0,0
1543,1,22.0,4,3,0.0,0,0,1
1544,1,39.0,6,0,0.0,0,0,0
1545,1,17.0,5,3,0.0,0,0,0
1546,1,35.0,6,0,0.0,0,0,0
1547,1,23.0,4,3,0.0,0,0,1
1548,1,20.0,5,3,0.0,0,0,0
1549,1,22.0,6,3,0.0,0,0,0
1550,1,27.0,4,3,0.0,0,0,0
1551,1,36.0,4,0,0.0,0,0,0
1552,1,48.0,6,3,0.0,0,0,0
1553,1,38.0,4,3,0.0,0,0,0
1554,1,24.0,4,0,0.0,0,0,0
1555,1,33.0,6,3,0.0,0,0,0
1556,1,41.0,4,3,0.0,0,0,1
1557,1,22.0,4,3,0.0,0,0,0
1558,1,44.0,4,3,0.0,0,0,0
1559,1,23.0,6,3,0.0,0,0,0
1560,1,23.0,6,3,0.0,0,0,0
1561,1,39.0,6,3,0.0,0,0,0
1562,1,39.0,6,3,0.0,0,0,0
1563,1,48.0,6,3,0.0,0,0,0
1564,1,23.0,4,3,0.0,0,0,0
1565,1,29.0,6,3,0.0,0,0,1
1566,1,34.0,6,3,0.0,0,0,0
1567,1,18.0,4,0,0.0,0,0,0
1568,1,43.0,6,0,0.0,0,0,1
1569,1,25.0,3,3,0.0,0,0,1
1570,1,27.0,3,3,0.0,0,0,1
1571,1,27.0,6,0,0.0,0,0,0
1572,1,33.0,4,3,0.0,0,0,0
1573,1,38.0,6,0,0.0,0,0,0
1574,1,22.0,6,0,0.0,0,0,0
1575,1,39.0,4,0,0.0,0,0,0
1576,1,37.0,6,0,0.0,0,0,1
1577,1,30.0,4,3,0.0,0,0,0
1578,1,29.0,6,0,0.0,0,0,0
1579,1,42.0,6,3,0.0,0,0,0
1580,1,33.0,4,3,0.0,0,0,0
1581,1,39.0,4,3,0.0,0,0,0
1582,1,30.0,5,3,0.0,0,0,0
1583,1,19.0,6,3,0.0,0,0,0
1584,1,23.0,5,3,0.0,0,0,0
1585,1,21.0,4,3,0.0,0,0,1
1586,1,29.0,4,0,0.0,0,0,0
1587,1,52.0,4,3,0.0,0,0,1
1588,1,24.0,3,0,0.0,0,0,1
1589,1,26.0,6,0,0.0,0,0,0
1590,1,46.0,3,0,0.0,0,0,1
1591,1,22.0,6,3,0.0,0,0,1
1592,1,33.0,6,3,0.0,0,0,0
1593,1,44.0,6,3,0.0,0,0,0
1594,1,22.0,4,3,0.0,0,0,0
1595,1,33.0,4,3,0.0,0,0,0
1596,1,27.0,3,3,0.0,0,0,1
1597,1,37.0,4,0,0.0,0,0,0
1598,1,27.0,6,3,0.0,0,0,0
1599,1,28.0,6,3,0.0,0,0,0
1600,1,30.0,4,3,0.0,0,0,0
1601,1,30.0,4,0,0.0,0,0,0
1602,1,21.0,4,3,0.0,0,0,1
1603,1,45.0,6,0,0.0,0,0,0
1604,1,29.0,4,3,0.0,0,0,1
1605,1,37.0,5,3,0.0,0,0,0
1606,1,32.0,6,3,0.0,0,0,0
1607,1,26.0,4,3,0.0,0,0,0
1608,1,36.0,6,3,0.0,0,0,1
1609,1,31.0,5,3,0.0,0,0,0
1610,1,32.0,6,3,0.0,0,0,0
1611,1,38.0,6,0,0.0,0,0,0
1612,1,38.0,6,3,0.0,0,0,0
1613,1,61.0,4,3,0.0,0,0,1
1614,1,36.0,4,3,0.0,0,0,0
1615,1,32.0,4,3,0.0,0,0,0
1616,0,45.0,6,3,0.0,0,0,1
1617,1,28.0,6,3,0.0,0,0,0
1618,1,29.0,4,3,0.0,0,0,0
1619,1,41.0,4,3,0.0,0,0,0
1620,1,40.0,6,0,0.0,0,0,0
1621,1,22.0,4,3,0.0,0,0,0
1622,1,26.0,4,3,0.0,0,0,0
1623,1,22.0,4,3,0.0,0,0,0
1624,1,28.0,4,0,0.0,0,0,1
1625,1,43.0,4,3,0.0,0,0,0
1626,0,45.0,6,3,0.0,0,0,1
1627,1,24.0,5,3,0.0,0,0,0
1628,1,24.0,4,3,0.0,0,0,0
1629,1,30.0,6,3,0.0,0,0,0
1630,1,29.0,6,3,0.0,0,0,1
1631,1,37.0,6,3,0.0,0,0,0
1632,1,35.0,4,0,0.0,0,0,1
1633,1,31.0,3,0,0.0,0,0,1
1634,1,22.0,6,3,0.0,0,0,1
1635,1,23.0,4,3,0.0,0,0,0
1636,1,41.0,6,3,0.0,0,0,0
1637,1,32.0,4,3,0.0,0,0,0
1638,1,47.0,6,3,0.0,0,0,0
1639,1,25.0,6,0,0.0,0,0,0
1640,1,54.0,4,3,0.0,0,0,0
1641,1,30.0,4,3,0.0,0,0,0
1642,1,39.0,3,3,0.0,0,0,1
1643,1,21.0,6,3,0.0,0,0,0
1644,1,21.0,6,3,0.0,0,0,1
1645,1,40.0,6,0,0.0,0,0,1
1646,1,24.0,4,3,0.0,0,0,0
1647,1,19.0,6,3,0.0,0,0,0
1648,1,17.0,6,3,0.0,0,0,0
1649,1,29.0,4,3,0.0,0,0,0
1650,1,17.0,6,3,0.0,0,0,0
1651,1,39.0,4,3,0.0,0,0,1
1652,1,40.0,6,3,0.0,0,0,1
1653,1,38.0,4,0,0.0,0,0,0
1654,1,54.0,4,3,0.0,0,0,0
1655,1,32.0,6,3,0.0,0,0,1
1656,1,21.0,6,3,0.0,0,0,1
1657,1,34.0,4,0,0.0,0,0,0
1658,1,23.0,6,3,0.0,0,0,0
1659,1,52.0,6,3,0.0,0,0,0
1660,1,43.0,6,3,0.0,0,0,0
1661,1,45.0,6,0,0.0,0,0,0
1662,1,24.0,4,3,0.0,0,0,0
1663,1,22.0,4,3,0.0,0,0,1
1664,1,30.0,6,3,0.0,0,0,0
1665,1,43.0,3,0,0.0,0,0,1
1666,1,28.0,4,3,0.0,0,0,1
1667,1,40.0,6,0,0.0,0,0,0
1668,1,26.0,6,3,0.0,0,0,0
1669,1,33.0,4,0,0.0,0,0,0
1670,1,45.0,4,3,0.0,0,0,0
1671,1,37.0,6,0,0.0,0,0,0
1672,1,29.0,3,3,0.0,0,0,1
1673,1,36.0,6,3,0.0,0,0,0
1674,1,25.0,4,3,0.0,0,0,0
1675,1,43.0,6,0,0.0,0,0,0
1676,1,40.0,6,3,0.0,0,0,0
1677,1,36.0,6,3,0.0,0,0,0
1678,1,31.0,4,3,0.0,0,0,0
1679,1,25.0,6,3,0.0,0,0,0
1680,1,19.0,6,0,0.0,0,0,0
1681,1,29.0,4,0,0.0,0,0,0
1682,1,26.0,4,3,0.0,0,0,0
1683,1,46.0,4,0,0.0,0,0,0
1684,1,43.0,6,3,0.0,0,0,0
1685,1,29.0,3,0,0.0,0,0,1
1686,1,22.0,6,3,0.0,0,0,0
1687,1,28.0,6,0,0.0,0,0,0
1688,1,24.0,6,3,0.0,0,0,0
1689,1,29.0,3,0,0.0,0,0,0
1690,1,29.0,4,3,0.0,0,0,0
1691,1,15.0,6,3,0.0,0,0,0
1692,1,40.0,3,3,0.0,0,0,1
1693,1,33.0,3,3,0.0,0,0,1
1694,1,23.0,4,3,0.0,0,0,0
1695,1,36.0,4,0,0.0,0,0,0
1696,1,38.0,6,0,0.0,0,0,0
1697,1,31.0,6,0,0.0,0,0,0
1698,1,34.0,6,3,0.0,0,0,0
1699,1,18.0,6,3,0.0,0,0,0
1700,1,32.0,6,3,0.0,0,0,0
1701,1,53.0,3,3,0.0,0,0,1
1702,1,23.0,4,3,0.0,0,0,1
1703,1,27.0,4,3,0.0,0,0,0
1704,1,41.0,4,3,0.0,0,0,0
1705,1,23.0,4,3,0.0,0,0,1
1706,1,31.0,6,3,0.0,0,0,0
1707,1,28.0,3,0,0.0,0,0,0
1708,1,19.0,6,3,0.0,0,0,1
1709,1,31.0,6,3,0.0,0,0,0
1710,1,19.0,4,3,0.0,0,0,0
1711,1,21.0,6,3,0.0,0,0,0
1712,1,20.0,6,3,0.0,0,0,0
1713,1,33.0,4,3,0.0,0,0,0
1714,1,30.0,4,3,0.0,0,0,0
1715,1,22.0,6,0,0.0,0,0,0
1716,1,59.0,4,3,0.0,0,0,0
1717,1,38.0,5,3,0.0,0,0,0
1718,1,27.0,4,3,0.0,0,0,0
1719,1,35.0,6,0,0.0,0,0,0
1720,1,29.0,5,3,0.0,0,0,0
1721,1,28.0,5,3,0.0,0,0,0
1722,1,55.0,6,0,0.0,0,0,0
1723,1,25.0,6,3,0.0,0,0,0
1724,0,24.0,6,3,0.0,0,0,1
1725,1,23.0,3,0,0.0,0,0,1
1726,1,38.0,4,3,0.0,0,0,0
1727,1,41.0,6,0,0.0,0,0,1
1728,1,17.0,6,3,0.0,0,0,0
1729,1,37.0,6,3,0.0,0,0,0
1730,1,29.0,6,3,0.0,0,0,0
1731,1,32.0,3,3,0.0,0,0,1
1732,1,21.0,6,3,0.0,0,0,0
1733,1,24.0,5,3,0.0,0,0,0
1734,1,32.0,6,0,0.0,0,0,1
1735,1,31.0,4,3,0.0,0,0,1
1736,1,38.0,4,3,0.0,0,0,0
1737,1,30.0,4,3,0.0,0,0,0
1738,1,40.0,4,3,0.0,0,0,1
1739,1,44.0,4,3,0.0,0,0,0
1740,1,25.0,4,3,0.0,0,0,0
1741,1,30.0,6,3,0.0,0,0,1
1742,1,18.0,6,3,0.0,0,0,0
1743,1,23.0,4,0,0.0,0,0,0
1744,1,22.0,4,3,0.0,0,0,1
1745,1,43.0,4,0,0.0,0,0,0
1746,1,37.0,4,3,0.0,0,0,0
1747,1,30.0,6,3,0.0,0,0,0
1748,1,44.0,4,0,0.0,0,0,0
1749,1,28.0,6,3,0.0,0,0,0
1750,1,26.0,4,3,0.0,0,0,0
1751,1,36.0,6,0,0.0,0,0,0
1752,1,34.0,6,3,0.0,0,0,0
1753,1,35.0,6,3,0.0,0,0,0
1754,1,18.0,6,3,0.0,0,0,0
1755,1,28.0,6,3,0.0,0,0,0
1756,1,20.0,6,3,0.0,0,0,0
1757,1,42.0,3,3,0.0,0,0,0
1758,1,48.0,6,3,0.0,0,0,0
1759,1,30.0,4,3,0.0,0,0,0
1760,1,36.0,6,3,0.0,0,0,0
1761,1,43.0,4,3,0.0,0,0,0
1762,1,31.0,6,3,0.0,0,0,0
1763,1,33.0,6,3,0.0,0,0,0
1764,1,49.0,6,3,0.0,0,0,1
1765,1,21.0,6,3,0.0,0,0,0
1766,1,43.0,4,3,0.0,0,0,1
1767,1,20.0,6,3,0.0,0,0,0
1768,1,41.0,4,3,0.0,0,0,0
1769,1,46.0,6,0,0.0,0,0,0
1770,1,34.0,6,3,0.0,0,0,0
1771,1,55.0,6,0,0.0,0,0,0
1772,0,40.0,6,3,0.0,0,0,1
1773,1,36.0,6,0,0.0,0,0,0
1774,1,22.0,6,3,0.0,0,0,0
1775,0,50.0,6,3,0.0,0,0,1
1776,1,18.0,4,3,0.0,0,0,0
1777,1,29.0,6,3,0.0,0,0,1
1778,1,41.0,3,3,0.0,0,0,1
1779,1,35.0,6,3,0.0,0,0,0
1780,1,25.0,6,0,0.0,0,0,0
1781,1,26.0,6,0,0.0,0,0,0
1782,1,27.0,6,3,0.0,0,0,1
1783,1,24.0,6,3,0.0,0,0,0
1784,1,20.0,4,3,0.0,0,0,0
1785,1,47.0,4,3,0.0,0,0,0
1786,1,38.0,3,0,0.0,0,0,1
1787,1,30.0,4,3,0.0,0,0,1
1788,1,40.0,6,0,0.0,0,0,1
1789,1,41.0,6,0,0.0,0,0,0
1790,1,29.0,4,3,0.0,0,0,0
1791,1,33.0,6,3,0.0,0,0,0
1792,1,31.0,4,3,0.0,0,0,0
1793,1,36.0,4,3,0.0,0,0,0
1794,1,20.0,6,3,0.0,0,0,0
1795,1,37.0,6,3,0.0,0,0,0
1796,1,29.0,3,0,0.0,0,0,1
1797,1,25.0,3,3,0.0,0,0,1
1798,1,31.0,6,0,0.0,0,0,1
1799,1,45.0,6,3,0.0,0,0,0
1800,1,26.0,3,3,0.0,0,0,0
1801,1,24.0,6,3,0.0,0,0,0
1802,1,34.0,6,3,0.0,0,0,0
1803,1,32.0,4,0,0.0,0,0,0
1804,1,36.0,6,0,0.0,0,0,0
1805,1,32.0,4,3,0.0,0,0,1
1806,1,40.0,6,3,0.0,0,0,0
1807,1,50.0,6,3,0.0,0,0,0
1808,1,27.0,4,3,0.0,0,0,0
1809,1,27.0,6,3,0.0,0,0,0
1810,1,21.0,6,3,0.0,0,0,0
1811,0,28.0,6,3,0.0,0,0,1
1812,1,40.0,4,3,0.0,0,0,0
1813,0,20.0,5,3,0.0,0,0,1
1814,0,39.0,6,3,0.0,0,0,1
1815,1,25.0,4,3,0.0,0,0,0
1816,1,32.0,4,3,0.0,0,0,1
1817,1,39.0,4,3,0.0,0,0,0
1818,1,30.0,3,3,0.0,0,0,0
1819,1,29.0,3,3,0.0,0,0,0
1820,1,20.0,5,3,0.0,0,0,0
1821,1,25.0,5,3,0.0,0,0,1
1822,1,30.0,3,0,0.0,0,0,0
1823,1,22.0,4,3,0.0,0,0,0
1824,1,59.0,4,3,0.0,0,0,0
1825,1,31.0,6,0,0.0,0,0,1
1826,1,28.0,4,3,0.0,0,0,0
1827,1,53.0,6,0,0.0,0,0,0
1828,1,25.0,4,3,0.0,0,0,1
1829,1,38.0,4,3,0.0,0,0,0
1830,1,23.0,4,3,0.0,0,0,0
1831,1,38.0,6,3,0.0,0,0,0
1832,1,47.0,3,3,0.0,0,0,1
1833,1,38.0,4,3,0.0,0,0,0
1834,1,36.0,6,0,0.0,0,0,0
1835,1,37.0,6,3,0.0,0,0,0
1836,1,29.0,4,3,0.0,0,0,1
1837,1,34.0,4,3,0.0,0,0,0
1838,1,30.0,4,3,0.0,0,0,0
1839,1,36.0,3,3,0.0,0,0,1
1840,1,17.0,6,3,0.0,0,0,0
1841,1,38.0,4,3,0.0,0,0,0
1842,1,21.0,4,3,0.0,0,0,1
1843,1,30.0,6,0,0.0,0,0,1
1844,0,40.0,6,3,0.0,0,0,1
1845,1,23.0,6,0,0.0,0,0,1
1846,1,21.0,6,0,0.0,0,0,0
1847,1,36.0,6,0,0.0,0,0,0
1848,1,44.0,6,0,0.0,0,0,0
1849,1,26.0,4,0,0.0,0,0,0
1850,1,32.0,4,3,0.0,0,0,0
1851,1,22.0,4,0,0.0,0,0,0
1852,1,34.0,6,3,0.0,0,0,0
1853,1,27.0,4,0,0.0,0,0,0
1854,1,28.0,6,3,0.0,0,0,0
1855,1,28.0,4,3,0.0,0,0,0
1856,1,26.0,4,0,0.0,0,0,0
1857,1,32.0,4,0,0.0,0,0,0
1858,1,51.0,6,3,0.0,0,0,1
1859,1,46.0,4,3,0.0,0,0,0
1860,1,53.0,6,0,0.0,0,0,0
1861,1,19.0,4,3,0.0,0,0,0
1862,1,20.0,5,3,0.0,0,0,0
1863,1,23.0,5,3,0.0,0,0,0
1864,1,24.0,3,0,0.0,0,0,0
1865,1,39.0,6,3,0.0,0,0,0
1866,1,32.0,3,3,0.0,0,0,1
1867,1,29.0,4,3,0.0,0,0,1
1868,1,22.0,4,3,0.0,0,0,0
1869,1,44.0,4,3,0.0,0,0,0
1870,1,42.0,6,3,0.0,0,0,0
1871,1,27.0,4,3,0.0,0,0,0
1872,1,26.0,4,3,0.0,0,0,0
1873,1,30.0,4,3,0.0,0,0,0
1874,1,28.0,6,0,0.0,0,0,1
1875,1,23.0,4,3,0.0,0,0,0
1876,1,36.0,6,0,0.0,0,0,0
1877,1,24.0,4,0,0.0,0,0,0
1878,1,37.0,6,3,0.0,0,0,0
1879,1,20.0,6,3,0.0,0,0,0
1880,1,39.0,3,0,0.0,0,0,0
1881,1,42.0,5,3,0.0,0,0,0
1882,1,26.0,6,3,0.0,0,0,1
1883,1,30.0,4,3,0.0,0,0,0
1884,1,33.0,4,3,0.0,0,0,0
1885,1,39.0,6,3,0.0,0,0,0
1886,1,48.0,3,0,0.0,0,0,0
1887,1,46.0,6,3,0.0,0,0,0
1888,1,35.0,6,3,0.0,0,0,1
1889,1,30.0,4,3,0.0,0,0,0
1890,1,42.0,4,3,0.0,0,0,0
1891,1,22.0,4,3,0.0,0,0,0
1892,1,21.0,4,3,0.0,0,0,0
1893,1,30.0,4,3,0.0,0,0,1
1894,1,30.0,4,3,0.0,0,0,1
1895,1,29.0,4,3,0.0,0,0,1
1896,1,44.0,6,0,0.0,0,0,0
1897,1,31.0,4,3,0.0,0,0,0
1898,1,27.0,6,3,0.0,0,0,0
1899,1,32.0,4,3,0.0,0,0,1
1900,1,27.0,3,0,0.0,0,0,1
1901,1,63.0,3,0,0.0,0,0,0
1902,1,31.0,6,3,0.0,0,0,0
1903,1,39.0,6,3,0.0,0,0,0
1904,1,32.0,6,0,0.0,0,0,0
1905,1,27.0,3,3,0.0,0,0,1
1906,1,36.0,4,3,0.0,0,0,1
1907,1,43.0,6,3,0.0,0,0,0
1908,1,17.0,6,3,0.0,0,0,0
1909,1,19.0,5,3,0.0,0,0,0
1910,1,32.0,4,3,0.0,0,0,0
1911,1,32.0,4,3,0.0,0,0,0
1912,1,29.0,4,3,0.0,0,0,0
1913,1,29.0,6,3,0.0,0,0,0
1914,1,45.0,4,0,0.0,0,0,0
1915,1,37.0,6,3,0.0,0,0,0
1916,1,27.0,4,0,0.0,0,0,0
1917,1,18.0,6,3,0.0,0,0,0
1918,1,45.0,3,3,0.0,0,0,1
1919,1,24.0,6,3,0.0,0,0,0
1920,1,28.0,4,3,0.0,0,0,1
1921,1,25.0,6,3,0.0,0,0,1
1922,1,21.0,5,3,0.0,0,0,0
1923,1,39.0,4,3,0.0,0,0,1
1924,1,34.0,6,3,0.0,0,0,0
1925,1,31.0,6,3,0.0,0,0,0
1926,1,49.0,6,0,0.0,0,0,0
1927,1,20.0,5,3,0.0,0,0,0
1928,1,17.0,5,3,0.0,0,0,0
1929,1,22.0,6,3,0.0,0,0,0
1930,1,37.0,3,0,0.0,0,0,1
1931,1,20.0,5,3,0.0,0,0,0
1932,1,48.0,6,3,0.0,0,0,0
1933,1,32.0,6,3,0.0,0,0,0
1934,1,19.0,4,3,0.0,0,0,1
1935,1,23.0,4,3,0.0,0,0,0
1936,1,26.0,3,3,0.0,0,0,1
1937,1,25.0,6,3,0.0,0,0,0
1938,1,30.0,6,3,0.0,0,0,1
1939,1,23.0,6,0,0.0,0,0,1
1940,1,27.0,4,3,0.0,0,0,0
1941,1,25.0,6,0,0.0,0,0,0
1942,1,35.0,5,3,0.0,0,0,0
1943,1,17.0,5,3,0.0,0,0,0
1944,1,33.0,5,3,0.0,0,0,0
1945,1,25.0,4,3,0.0,0,0,0
1946,1,34.0,3,0,0.0,0,0,1
1947,1,18.0,6,3,0.0,0,0,0
1948,1,24.0,4,3,0.0,0,0,1
1949,1,28.0,5,3,0.0,0,0,0
1950,1,33.0,3,3,0.0,0,0,1
1951,1,33.0,4,3,0.0,0,0,0
1952,1,36.0,6,3,0.0,0,0,0
1953,1,34.0,6,3,0.0,0,0,0
1954,1,22.0,6,3,0.0,0,0,1
1955,1,30.0,4,3,0.0,0,0,1
1956,1,23.0,6,3,0.0,0,0,1
1957,1,20.0,4,3,0.0,0,0,0
1958,1,17.0,5,3,0.0,0,0,0
1959,0,36.0,6,3,0.0,0,0,1
1960,1,23.0,6,3,0.0,0,0,0
1961,1,24.0,4,3,0.0,0,0,1
1962,1,21.0,6,3,0.0,0,0,1
1963,1,46.0,6,0,0.0,0,0,0
1964,1,22.0,4,3,0.0,0,0,0
1965,1,23.0,6,3,0.0,0,0,0
1966,1,20.0,6,3,0.0,0,0,1
1967,1,31.0,4,3,0.0,0,0,0
1968,1,22.0,4,3,0.0,0,0,1
1969,1,44.0,6,0,0.0,0,0,0
1970,1,29.0,6,3,0.0,0,0,0
1971,1,29.0,4,3,0.0,0,0,1
1972,1,50.0,6,0,0.0,0,0,0
1973,1,38.0,6,0,0.0,0,0,0
1974,1,21.0,5,3,0.0,0,0,0
1975,1,32.0,6,0,0.0,0,0,1
1976,1,20.0,4,3,0.0,0,0,0
1977,1,55.0,6,3,0.0,0,0,0
1978,1,34.0,4,3,0.0,0,0,0
1979,1,30.0,4,3,0.0,0,0,0
1980,1,31.0,6,0,0.0,0,0,0
1981,1,22.0,5,3,0.0,0,0,0
1982,1,32.0,4,3,0.0,0,0,1
1983,1,25.0,6,3,0.0,0,0,0
1984,1,19.0,6,3,0.0,0,0,0
1985,1,30.0,4,3,0.0,0,0,0
1986,1,36.0,4,3,0.0,0,0,0
1987,1,22.0,6,3,0.0,0,0,0
1988,1,30.0,6,3,0.0,0,0,0
1989,1,22.0,5,3,0.0,0,0,0
1990,1,29.0,6,3,0.0,0,0,0
1991,1,19.0,6,3,0.0,0,0,0
1992,1,37.0,6,0,0.0,0,0,0
1993,1,40.0,6,0,0.0,0,0,0
1994,1,35.0,4,3,0.0,0,0,0
1995,0,41.0,6,3,0.0,0,0,1
1996,1,30.0,6,3,0.0,0,0,0
1997,0,41.0,6,3,0.0,0,0,1
1998,1,31.0,6,3,0.0,0,0,0
1999,1,27.0,6,3,0.0,0,0,0
2000,1,36.0,6,3,0.0,0,0,1
2001,1,23.0,5,3,0.0,0,0,0
2002,1,26.0,4,0,0.0,0,0,0
2003,1,49.0,5,3,0.0,0,0,0
2004,1,31.0,6,0,0.0,0,0,0
2005,1,32.0,3,0,0.0,0,0,1
2006,1,24.0,4,3,0.0,0,0,0
2007,1,58.0,6,0,0.0,0,0,1
2008,1,17.0,6,3,0.0,0,0,0
2009,1,27.0,4,3,0.0,0,0,0
2010,1,28.0,6,3,0.0,0,0,0
2011,1,33.0,6,3,0.0,0,0,1
2012,1,24.0,5,3,0.0,0,0,0
2013,1,25.0,5,3,0.0,0,0,0
2014,1,47.0,6,3,0.0,0,0,0
2015,1,30.0,4,3,0.0,0,0,0
2016,1,24.0,5,3,0.0,0,0,0
2017,1,26.0,6,3,0.0,0,0,0
2018,1,22.0,4,3,0.0,0,0,0
2019,1,23.0,4,3,0.0,0,0,0
2020,1,23.0,4,3,0.0,0,0,0
2021,1,23.0,6,3,0.0,0,0,1
2022,1,31.0,3,3,0.0,0,0,0
2023,1,33.0,3,3,0.0,0,0,1
2024,1,42.0,5,3,0.0,0,0,0
2025,1,41.0,4,3,0.0,0,0,0
2026,1,28.0,4,3,0.0,0,0,1
2027,1,20.0,6,3,0.0,0,0,0
2028,1,55.0,6,3,0.0,0,0,0
2029,1,25.0,6,3,0.0,0,0,0
2030,1,24.0,4,3,0.0,0,0,1
2031,1,40.0,4,3,0.0,0,0,0
2032,1,31.0,4,3,0.0,0,0,1
2033,1,24.0,5,3,0.0,0,0,0
2034,1,25.0,6,3,0.0,0,0,1
2035,1,42.0,6,3,0.0,0,0,0
2036,1,40.0,6,0,0.0,0,0,0
2037,1,32.0,4,3,0.0,0,0,0
2038,1,20.0,4,3,0.0,0,0,1
2039,1,32.0,4,3,0.0,0,0,0
2040,1,25.0,4,3,0.0,0,0,1
2041,1,19.0,4,3,0.0,0,0,0
2042,1,29.0,6,0,0.0,0,0,0
2043,1,31.0,6,3,0.0,0,0,1
2044,1,24.0,6,3,0.0,0,0,0
2045,1,37.0,6,3,0.0,0,0,0
2046,1,37.0,3,3,0.0,0,0,0
2047,1,23.0,6,3,0.0,0,0,0
2048,1,23.0,4,3,0.0,0,0,0
2049,1,41.0,6,0,0.0,0,0,0
2050,1,33.0,6,3,0.0,0,0,0
2051,1,36.0,6,0,0.0,0,0,0
2052,0,28.0,6,3,0.0,0,0,1
2053,1,31.0,4,0,0.0,0,0,0
2054,0,30.0,6,3,0.0,0,0,1
2055,1,40.0,4,3,0.0,0,0,0
2056,1,29.0,6,0,0.0,0,0,0
2057,1,62.0,3,3,0.0,0,0,0
2058,1,22.0,4,3,0.0,0,0,0
2059,0,45.0,6,3,0.0,0,0,1
2060,1,40.0,6,3,0.0,0,0,0
2061,1,38.0,6,3,0.0,0,0,0
2062,1,27.0,4,3,0.0,0,0,0
2063,1,20.0,6,0,0.0,0,0,0
2064,1,39.0,4,0,0.0,0,0,0
2065,1,24.0,6,3,0.0,0,0,0
2066,1,35.0,6,3,0.0,0,0,0
2067,1,33.0,6,3,0.0,0,0,0
2068,1,26.0,3,3,0.0,0,0,0
2069,0,22.0,6,3,0.0,0,0,0
2070,1,41.0,4,3,0.0,0,0,0
2071,1,26.0,4,3,0.0,0,0,0
2072,1,21.0,4,3,0.0,0,0,1
2073,1,36.0,4,3,0.0,0,0,1
2074,1,38.0,6,3,0.0,0,0,0
2075,1,31.0,4,3,0.0,0,0,0
2076,0,47.0,6,3,0.0,0,0,1
2077,1,36.0,6,0,0.0,0,0,0
2078,1,30.0,4,3,0.0,0,0,0
2079,1,28.0,6,0,0.0,0,0,1
2080,1,20.0,4,3,0.0,0,0,0
2081,1,33.0,6,3,0.0,0,0,0
2082,1,29.0,6,3,0.0,0,0,0
2083,1,25.0,4,3,0.0,0,0,1
2084,1,19.0,6,3,0.0,0,0,0
2085,1,35.0,6,3,0.0,0,0,0
2086,1,34.0,6,0,0.0,0,0,0
2087,1,31.0,6,0,0.0,0,0,0
2088,1,28.0,4,3,0.0,0,0,0
2089,1,25.0,4,3,0.0,0,0,0
2090,1,48.0,6,0,0.0,0,0,0
2091,1,45.0,6,0,0.0,0,0,0
2092,1,24.0,3,3,0.0,0,0,1
2093,1,20.0,6,3,0.0,0,0,0
2094,1,24.0,3,3,0.0,0,0,0
2095,1,22.0,6,3,0.0,0,0,0
2096,1,40.0,3,3,0.0,0,0,0
2097,1,24.0,4,3,0.0,0,0,1
2098,1,42.0,4,3,0.0,0,0,0
2099,1,49.0,4,3,0.0,0,0,0
2100,1,19.0,6,3,0.0,0,0,0
2101,1,28.0,4,3,0.0,0,0,1
2102,1,32.0,6,3,0.0,0,0,0
2103,1,19.0,3,3,0.0,0,0,0
2104,1,27.0,6,3,0.0,0,0,1
2105,1,23.0,5,3,0.0,0,0,0
2106,1,35.0,6,3,0.0,0,0,0
2107,1,17.0,6,3,0.0,0,0,0
2108,1,46.0,6,3,0.0,0,0,1
2109,1,23.0,6,3,0.0,0,0,1
2110,1,30.0,6,0,0.0,0,0,1
2111,1,24.0,4,3,0.0,0,0,0
2112,1,25.0,6,0,0.0,0,0,0
2113,1,35.0,4,3,0.0,0,0,1
2114,1,39.0,6,3,0.0,0,0,0
2115,1,25.0,6,3,0.0,0,0,0
2116,1,44.0,4,3,0.0,0,0,1
2117,1,25.0,4,3,0.0,0,0,1
2118,1,27.0,5,3,0.0,0,0,0
2119,1,31.0,4,3,0.0,0,0,0
2120,1,29.0,6,0,0.0,0,0,1
2121,1,28.0,6,3,0.0,0,0,0
2122,1,30.0,6,3,0.0,0,0,0
2123,1,32.0,4,3,0.0,0,0,0
2124,1,39.0,4,3,0.0,0,0,1
2125,1,37.0,4,0,0.0,0,0,0
2126,1,42.0,6,3,0.0,0,0,0
2127,1,28.0,6,0,0.0,0,0,0
2128,1,17.0,5,3,0.0,0,0,0
2129,1,20.0,5,3,0.0,0,0,0
2130,1,35.0,5,3,0.0,0,0,0
2131,1,38.0,4,3,0.0,0,0,0
2132,1,36.0,4,3,0.0,0,0,0
2133,1,38.0,6,3,0.0,0,0,0
2134,1,33.0,4,3,0.0,0,0,0
2135,1,34.0,4,3,0.0,0,0,0
2136,1,21.0,5,3,0.0,0,0,0
2137,1,32.0,3,3,0.0,0,0,1
2138,1,19.0,5,3,0.0,0,0,0
2139,1,18.0,5,3,0.0,0,0,0
2140,1,25.0,5,3,0.0,0,0,0
2141,1,35.0,5,3,0.0,0,0,0
2142,1,37.0,6,3,0.0,0,0,0
2143,0,36.0,6,3,0.0,0,0,0
2144,1,48.0,6,0,0.0,0,0,0
2145,0,32.0,6,3,0.0,0,0,0
2146,1,23.0,4,0,0.0,0,0,0
2147,1,34.0,6,0,0.0,0,0,0
2148,1,31.0,4,3,0.0,0,0,0
2149,1,40.0,6,0,0.0,0,0,0
2150,1,37.0,6,3,0.0,0,0,1
2151,1,40.0,4,3,0.0,0,0,0
2152,1,37.0,6,0,0.0,0,0,0
2153,1,26.0,6,3,0.0,0,0,0
2154,1,26.0,4,3,0.0,0,0,0
2155,1,15.0,6,3,0.0,0,0,0
2156,1,27.0,4,3,0.0,0,0,0
2157,1,25.0,6,0,0.0,0,0,0
2158,1,31.0,4,3,0.0,0,0,0
2159,1,50.0,6,0,0.0,0,0,0
2160,1,28.0,4,3,0.0,0,0,0
2161,1,52.0,6,3,0.0,0,0,1
2162,1,21.0,6,3,0.0,0,0,0
2163,1,30.0,3,0,0.0,0,0,1
2164,1,30.0,6,0,0.0,0,0,1
2165,1,29.0,6,0,0.0,0,0,1
2166,1,18.0,6,3,0.0,0,0,1
2167,1,21.0,4,3,0.0,0,0,0
2168,1,32.0,4,3,0.0,0,0,1
2169,1,37.0,6,3,0.0,0,0,0
2170,1,27.0,6,3,0.0,0,0,0
2171,1,28.0,4,3,0.0,0,0,0
2172,1,32.0,6,0,0.0,0,0,0
2173,1,23.0,4,3,0.0,0,0,1
2174,1,39.0,6,3,0.0,0,0,0
2175,1,37.0,6,3,0.0,0,0,1
2176,1,39.0,3,3,0.0,0,0,0
2177,1,42.0,6,3,0.0,0,0,0
2178,1,26.0,4,3,0.0,0,0,0
2179,1,28.0,6,3,0.0,0,0,1
2180,1,35.0,6,3,0.0,0,0,0
2181,1,59.0,6,3,0.0,0,0,0
2182,1,34.0,6,3,0.0,0,0,0
2183,1,28.0,4,0,0.0,0,0,0
2184,1,53.0,4,3,0.0,0,0,0
2185,1,38.0,6,3,0.0,0,0,1
2186,1,36.0,6,3,0.0,0,0,0
2187,1,39.0,4,3,0.0,0,0,0
2188,1,31.0,6,3,0.0,0,0,1
2189,1,39.0,6,3,0.0,0,0,0
2190,1,37.0,4,3,0.0,0,0,0
2191,1,35.0,4,3,0.0,0,0,0
2192,1,40.0,4,3,0.0,0,0,0
2193,1,31.0,4,3,0.0,0,0,0
2194,1,49.0,6,3,0.0,0,0,0
2195,1,41.0,6,3,0.0,0,0,0
2196,1,45.0,6,3,0.0,0,0,0
2197,1,37.0,4,3,0.0,0,0,0
2198,1,19.0,6,0,0.0,0,0,0
2199,1,24.0,6,3,0.0,0,0,0
2200,1,40.0,6,3,0.0,0,0,1
2201,1,26.0,4,3,0.0,0,0,0
2202,1,41.0,3,0,0.0,0,0,1
2203,1,40.0,6,3,0.0,0,0,1
2204,1,32.0,4,3,0.0,0,0,0
2205,1,20.0,5,3,0.0,0,0,0
2206,1,26.0,5,3,0.0,0,0,0
